X,Y,Z,标注类别名称,预测类别,图像路径
-8.327554,34.82779,5.9626613,哈密瓜,柚子,fruit30_split/val/哈密瓜/106.jpg
6.4167423,-25.387438,10.509963,哈密瓜,桂圆,fruit30_split/val/哈密瓜/109.jpg
-5.3302035,16.507154,0.41037923,哈密瓜,哈密瓜,fruit30_split/val/哈密瓜/114.jpg
-32.840195,18.258524,1.4048024,哈密瓜,哈密瓜,fruit30_split/val/哈密瓜/116.jpg
-3.398692,-31.49359,17.080936,哈密瓜,柚子,fruit30_split/val/哈密瓜/118.png
-47.247486,27.534033,4.1814895,哈密瓜,哈密瓜,fruit30_split/val/哈密瓜/123.jpg
-1.5313202,41.2379,6.7004123,哈密瓜,哈密瓜,fruit30_split/val/哈密瓜/127.jpg
-12.433803,-11.943897,18.38767,哈密瓜,哈密瓜,fruit30_split/val/哈密瓜/129.jpg
-44.0053,-27.024788,-21.219395,哈密瓜,芒果,fruit30_split/val/哈密瓜/131.jpg
-20.139572,33.89444,64.19757,哈密瓜,哈密瓜,fruit30_split/val/哈密瓜/133.jpg
-32.556835,7.6645875,9.330898,哈密瓜,哈密瓜,fruit30_split/val/哈密瓜/136.jpg
-11.993444,22.739147,9.397396,哈密瓜,柠檬,fruit30_split/val/哈密瓜/137.jpg
-19.856544,30.825695,59.1159,哈密瓜,哈密瓜,fruit30_split/val/哈密瓜/14.jpg
-29.122696,14.755248,9.99494,哈密瓜,哈密瓜,fruit30_split/val/哈密瓜/144.jpg
-19.128382,28.629177,46.15943,哈密瓜,哈密瓜,fruit30_split/val/哈密瓜/145.jpg
-43.67717,32.739944,5.2331038,哈密瓜,哈密瓜,fruit30_split/val/哈密瓜/152.jpg
-44.565468,-28.85176,-9.205878,哈密瓜,哈密瓜,fruit30_split/val/哈密瓜/163.jpg
-42.527752,14.885836,2.8587818,哈密瓜,哈密瓜,fruit30_split/val/哈密瓜/164.jpg
-43.757698,23.832159,10.395842,哈密瓜,哈密瓜,fruit30_split/val/哈密瓜/173.jpg
-36.679424,29.836872,-13.414291,哈密瓜,柚子,fruit30_split/val/哈密瓜/178.jpg
-15.9834175,-9.733523,21.746874,哈密瓜,哈密瓜,fruit30_split/val/哈密瓜/182.jpg
-47.92443,-26.587788,-30.489819,哈密瓜,哈密瓜,fruit30_split/val/哈密瓜/25.jpg
2.8915157,40.087006,5.4908233,哈密瓜,哈密瓜,fruit30_split/val/哈密瓜/29.png
-35.657227,24.823605,5.504349,哈密瓜,哈密瓜,fruit30_split/val/哈密瓜/38.jpg
22.412062,52.201595,-2.7342036,哈密瓜,哈密瓜,fruit30_split/val/哈密瓜/44.jpg
-43.503933,20.84476,-4.8405695,哈密瓜,哈密瓜,fruit30_split/val/哈密瓜/46.jpg
26.655827,-16.573647,57.041092,哈密瓜,哈密瓜,fruit30_split/val/哈密瓜/48.jpg
17.244192,-67.60929,30.800758,哈密瓜,桂圆,fruit30_split/val/哈密瓜/56.jpg
-45.167305,-31.751633,-18.896536,哈密瓜,哈密瓜,fruit30_split/val/哈密瓜/63.jpg
-45.931778,21.653545,-9.310963,哈密瓜,哈密瓜,fruit30_split/val/哈密瓜/66.jpg
-47.996002,-25.557932,-11.690531,哈密瓜,哈密瓜,fruit30_split/val/哈密瓜/7.jpg
-41.572006,31.370253,0.76750755,哈密瓜,哈密瓜,fruit30_split/val/哈密瓜/70.jpg
-39.147026,25.024454,12.186801,哈密瓜,哈密瓜,fruit30_split/val/哈密瓜/75.jpg
-40.091755,15.743858,10.177792,哈密瓜,哈密瓜,fruit30_split/val/哈密瓜/84.jpg
-26.632956,-0.086359456,7.7766643,哈密瓜,哈密瓜,fruit30_split/val/哈密瓜/9.jpg
-19.362354,29.606337,52.82714,哈密瓜,哈密瓜,fruit30_split/val/哈密瓜/90.jpg
-8.353459,19.925161,-1.2120354,哈密瓜,哈密瓜,fruit30_split/val/哈密瓜/91.jpg
2.2864456,-39.658466,-30.4712,圣女果,西红柿,fruit30_split/val/圣女果/100.jpeg
46.07188,-36.508766,-10.510636,圣女果,杨梅,fruit30_split/val/圣女果/102.jpeg
18.667833,-28.921196,-26.427555,圣女果,圣女果,fruit30_split/val/圣女果/114.jpg
18.43004,-26.284805,-38.42411,圣女果,圣女果,fruit30_split/val/圣女果/12.jpg
16.613523,-33.937828,-32.439594,圣女果,西红柿,fruit30_split/val/圣女果/132.png
12.14868,-45.160843,-35.67276,圣女果,圣女果,fruit30_split/val/圣女果/135.jpeg
33.509926,-41.425358,-28.724274,圣女果,圣女果,fruit30_split/val/圣女果/138.jpeg
34.1958,-32.547356,-11.170426,圣女果,圣女果,fruit30_split/val/圣女果/144.jpeg
33.689854,-41.046535,-49.2607,圣女果,西红柿,fruit30_split/val/圣女果/150.jpg
44.46413,-27.74014,-42.51642,圣女果,圣女果,fruit30_split/val/圣女果/151.jpg
18.93299,-19.571032,-41.102337,圣女果,西红柿,fruit30_split/val/圣女果/161.jpg
40.38929,-30.972706,-26.835606,圣女果,圣女果,fruit30_split/val/圣女果/163.jpg
29.583021,-25.269836,-28.955969,圣女果,圣女果,fruit30_split/val/圣女果/175.png
-5.7703385,-50.15722,-20.97587,圣女果,西红柿,fruit30_split/val/圣女果/181.jpg
-22.35312,19.858099,16.786095,圣女果,柚子,fruit30_split/val/圣女果/182.jpg
16.783009,-46.127964,-24.157848,圣女果,圣女果,fruit30_split/val/圣女果/191.jpg
13.230929,-51.533916,-26.43949,圣女果,圣女果,fruit30_split/val/圣女果/196.jpg
21.69583,-1.9902279,-18.3593,圣女果,西红柿,fruit30_split/val/圣女果/22.jpg
26.44883,-35.672783,-32.2862,圣女果,圣女果,fruit30_split/val/圣女果/26.jpg
-0.28447944,-39.544247,-24.711105,圣女果,脐橙,fruit30_split/val/圣女果/27.jpg
27.833328,-32.85093,-11.971199,圣女果,圣女果,fruit30_split/val/圣女果/28.jpg
31.30008,-25.199606,-14.8270645,圣女果,圣女果,fruit30_split/val/圣女果/31.jpg
-7.780737,-47.147545,-15.307266,圣女果,砂糖橘,fruit30_split/val/圣女果/35.jpg
42.859085,-43.048607,-17.422272,圣女果,石榴,fruit30_split/val/圣女果/39.jpeg
35.211823,-32.777405,-41.96912,圣女果,圣女果,fruit30_split/val/圣女果/42.jpg
32.477886,-32.838123,-32.08653,圣女果,圣女果,fruit30_split/val/圣女果/44.jpg
28.206594,-37.76416,-16.35541,圣女果,圣女果,fruit30_split/val/圣女果/48.jpeg
24.356197,-30.633522,-45.78913,圣女果,圣女果,fruit30_split/val/圣女果/53.jpg
34.903904,-51.924446,-42.109196,圣女果,黄瓜,fruit30_split/val/圣女果/56.jpg
27.477877,-50.741184,-30.710354,圣女果,西红柿,fruit30_split/val/圣女果/58.jpg
40.77215,-35.114063,-37.539528,圣女果,圣女果,fruit30_split/val/圣女果/60.jpeg
29.07947,-28.70859,-36.22848,圣女果,圣女果,fruit30_split/val/圣女果/61.jpg
28.920416,-40.63591,-34.115314,圣女果,圣女果,fruit30_split/val/圣女果/63.jpg
40.983578,-43.737957,-30.11916,圣女果,圣女果,fruit30_split/val/圣女果/65.jpg
35.096104,-42.552696,-17.345314,圣女果,圣女果,fruit30_split/val/圣女果/71.jpeg
17.780817,-51.051037,-45.899467,圣女果,圣女果,fruit30_split/val/圣女果/72.jpg
34.910145,-39.6901,-36.607834,圣女果,圣女果,fruit30_split/val/圣女果/76.jpg
12.638216,-26.10116,-49.67511,圣女果,西红柿,fruit30_split/val/圣女果/88.jpg
43.63475,38.893627,-22.545736,山竹,山竹,fruit30_split/val/山竹/101.jpg
8.942226,-41.477753,42.070534,山竹,山竹,fruit30_split/val/山竹/105.jpg
9.249814,15.126724,-13.231808,山竹,山竹,fruit30_split/val/山竹/107.jpeg
19.156614,20.499115,-9.852335,山竹,山竹,fruit30_split/val/山竹/112.jpg
-1.2843782,-23.273973,45.968983,山竹,苹果-青,fruit30_split/val/山竹/114.jpg
29.471733,23.805506,-26.514503,山竹,山竹,fruit30_split/val/山竹/129.jpg
29.716028,-17.34673,-0.21550213,山竹,山竹,fruit30_split/val/山竹/140.jpg
25.286581,32.571754,-21.323864,山竹,山竹,fruit30_split/val/山竹/143.jpg
43.712536,27.30466,-12.222574,山竹,山竹,fruit30_split/val/山竹/144.jpg
43.360825,40.016003,-5.4031267,山竹,葡萄-红,fruit30_split/val/山竹/148.jpeg
34.680984,33.9554,-27.968662,山竹,山竹,fruit30_split/val/山竹/149.png
33.770676,21.81575,-21.023499,山竹,山竹,fruit30_split/val/山竹/16.jpg
9.688217,-27.554304,50.3464,山竹,山竹,fruit30_split/val/山竹/162.jpeg
39.478966,34.0826,-21.831448,山竹,山竹,fruit30_split/val/山竹/166.jpg
44.602768,34.27507,-11.618128,山竹,葡萄-红,fruit30_split/val/山竹/173.jpg
39.61603,25.509293,-35.691216,山竹,山竹,fruit30_split/val/山竹/174.jpg
37.42456,27.82058,-26.059328,山竹,山竹,fruit30_split/val/山竹/178.jpg
40.354813,19.481127,-27.045261,山竹,山竹,fruit30_split/val/山竹/181.jpg
25.436909,15.296158,-27.218843,山竹,山竹,fruit30_split/val/山竹/194.jpg
43.036198,27.638742,-7.3706527,山竹,山竹,fruit30_split/val/山竹/2.jpg
31.235117,22.170725,-14.730817,山竹,山竹,fruit30_split/val/山竹/24.jpg
35.79386,21.771307,-31.435886,山竹,山竹,fruit30_split/val/山竹/25.jpg
13.975703,-31.569643,46.85685,山竹,山竹,fruit30_split/val/山竹/33.jpg
41.638607,25.717545,-18.903515,山竹,山竹,fruit30_split/val/山竹/35.jpg
46.01915,19.588848,-27.47002,山竹,山竹,fruit30_split/val/山竹/4.jpg
26.75164,14.00615,-21.211094,山竹,山竹,fruit30_split/val/山竹/47.jpg
38.244705,24.249172,-4.1521325,山竹,山竹,fruit30_split/val/山竹/5.jpg
27.241632,21.795904,-22.45563,山竹,山竹,fruit30_split/val/山竹/58.jpg
31.900858,-12.162884,-4.860332,山竹,葡萄-红,fruit30_split/val/山竹/63.jpg
28.669098,27.905937,-18.455856,山竹,山竹,fruit30_split/val/山竹/77.jpg
14.858925,15.972001,-9.426737,山竹,山竹,fruit30_split/val/山竹/78.jpg
7.6296253,46.98359,-5.8887596,山竹,椰子,fruit30_split/val/山竹/79.jpg
22.737268,20.392143,-15.909625,山竹,山竹,fruit30_split/val/山竹/87.jpg
33.97463,31.506144,-10.962709,山竹,山竹,fruit30_split/val/山竹/89.jpg
20.190361,24.479416,-5.216681,山竹,荔枝,fruit30_split/val/山竹/91.jpeg
32.442345,-4.0962043,45.52513,杨梅,荔枝,fruit30_split/val/杨梅/102.jpg
48.10394,-45.2514,-12.929256,杨梅,砂糖橘,fruit30_split/val/杨梅/119.jpeg
34.79942,13.448151,25.523283,杨梅,杨梅,fruit30_split/val/杨梅/127.jpg
38.884663,7.333664,38.44752,杨梅,杨梅,fruit30_split/val/杨梅/131.jpg
-35.417202,-36.207912,37.707012,杨梅,西瓜,fruit30_split/val/杨梅/138.jpg
44.76441,12.737016,41.34756,杨梅,杨梅,fruit30_split/val/杨梅/155.jpg
34.828407,-10.06749,38.42844,杨梅,杨梅,fruit30_split/val/杨梅/159.jpg
64.81806,0.9145477,2.7065065,杨梅,杨梅,fruit30_split/val/杨梅/16.jpg
37.56582,2.2842708,51.173767,杨梅,杨梅,fruit30_split/val/杨梅/167.jpeg
40.05678,-14.428005,39.97167,杨梅,杨梅,fruit30_split/val/杨梅/170.jpg
32.079185,11.05393,54.277374,杨梅,杨梅,fruit30_split/val/杨梅/175.jpg
38.32855,-31.433678,41.44569,杨梅,杨梅,fruit30_split/val/杨梅/178.jpg
33.00491,21.602274,31.093843,杨梅,杨梅,fruit30_split/val/杨梅/183.jpg
34.340183,16.600431,38.63238,杨梅,杨梅,fruit30_split/val/杨梅/186.jpg
32.103996,8.461023,35.98609,杨梅,杨梅,fruit30_split/val/杨梅/19.jpg
24.41104,-22.146631,44.05308,杨梅,荔枝,fruit30_split/val/杨梅/191.jpg
39.76638,12.381312,31.839256,杨梅,杨梅,fruit30_split/val/杨梅/193.png
27.948069,2.7404466,35.188145,杨梅,杨梅,fruit30_split/val/杨梅/195.jpg
42.729916,-31.530117,34.7369,杨梅,草莓,fruit30_split/val/杨梅/196.jpg
32.24676,-13.714166,41.034485,杨梅,杨梅,fruit30_split/val/杨梅/200.jpg
39.350338,-2.434709,40.488476,杨梅,杨梅,fruit30_split/val/杨梅/25.jpg
30.823486,12.62201,33.252247,杨梅,杨梅,fruit30_split/val/杨梅/26.jpg
40.686474,20.142609,54.609745,杨梅,杨梅,fruit30_split/val/杨梅/27.jpg
43.034714,5.088977,46.639427,杨梅,杨梅,fruit30_split/val/杨梅/36.jpg
37.948856,16.958632,19.495848,杨梅,荔枝,fruit30_split/val/杨梅/46.jpg
35.36086,12.569339,47.235943,杨梅,杨梅,fruit30_split/val/杨梅/47.jpg
31.221382,5.888303,46.98114,杨梅,杨梅,fruit30_split/val/杨梅/5.jpg
33.57672,4.564086,42.56609,杨梅,杨梅,fruit30_split/val/杨梅/50.jpg
41.30104,4.120857,28.301722,杨梅,杨梅,fruit30_split/val/杨梅/62.jpg
25.749949,2.8080916,41.03542,杨梅,杨梅,fruit30_split/val/杨梅/71.jpg
31.924572,-3.003264,37.630047,杨梅,杨梅,fruit30_split/val/杨梅/75.jpg
40.423393,-1.7954158,35.48303,杨梅,杨梅,fruit30_split/val/杨梅/81.jpeg
37.2874,-12.042176,8.955413,杨梅,杨梅,fruit30_split/val/杨梅/85.jpg
39.168713,18.859411,49.39887,杨梅,杨梅,fruit30_split/val/杨梅/86.jpg
26.974083,11.74495,42.773117,杨梅,杨梅,fruit30_split/val/杨梅/9.jpg
23.376041,-4.2550545,39.214005,杨梅,杨梅,fruit30_split/val/杨梅/90.jpg
40.364998,-8.942478,46.401035,杨梅,杨梅,fruit30_split/val/杨梅/95.png
-34.113632,22.100014,-24.295723,柚子,柚子,fruit30_split/val/柚子/113.jpg
-19.572659,1.8559835,-18.593136,柚子,柠檬,fruit30_split/val/柚子/114.jpg
-10.977908,7.574569,1.8021388,柚子,桂圆,fruit30_split/val/柚子/119.jpg
-18.434566,-55.40549,33.381447,柚子,梨,fruit30_split/val/柚子/132.jpg
-21.61044,4.4523582,-36.593643,柚子,柚子,fruit30_split/val/柚子/136.jpg
-29.602072,37.622887,-25.446232,柚子,柚子,fruit30_split/val/柚子/137.jpg
-2.1213772,-44.940723,22.32327,柚子,柚子,fruit30_split/val/柚子/150.jpg
-37.744686,5.3464932,-0.84781474,柚子,柚子,fruit30_split/val/柚子/151.jpg
-18.653713,12.178304,-18.199652,柚子,柚子,fruit30_split/val/柚子/154.jpg
-32.617764,11.434425,-12.501459,柚子,柚子,fruit30_split/val/柚子/156.jpeg
-25.998663,44.499275,-22.300444,柚子,柚子,fruit30_split/val/柚子/16.jpg
48.864964,27.876,16.911634,柚子,柚子,fruit30_split/val/柚子/165.jpeg
-11.339429,27.662481,-42.903053,柚子,柚子,fruit30_split/val/柚子/169.jpg
-3.7165225,20.982632,-42.274998,柚子,柚子,fruit30_split/val/柚子/171.jpg
-11.263672,-10.319847,-24.864666,柚子,柚子,fruit30_split/val/柚子/175.jpg
-18.718906,-2.070115,-22.811064,柚子,柚子,fruit30_split/val/柚子/177.jpg
-15.710236,-0.53395057,-29.580616,柚子,柚子,fruit30_split/val/柚子/181.jpg
-48.111675,-9.4688425,-29.67424,柚子,哈密瓜,fruit30_split/val/柚子/183.jpg
-2.265677,-24.996607,39.078835,柚子,苹果-青,fruit30_split/val/柚子/191.png
-31.440191,33.31872,-9.979275,柚子,柚子,fruit30_split/val/柚子/193.jpg
-36.223747,34.466316,-24.660843,柚子,柚子,fruit30_split/val/柚子/197.jpeg
-12.408756,1.7603687,-22.641155,柚子,柚子,fruit30_split/val/柚子/21.jpeg
-3.9985144,-38.807327,27.405016,柚子,柠檬,fruit30_split/val/柚子/26.jpg
-40.993996,37.58768,-28.080343,柚子,梨,fruit30_split/val/柚子/30.jpg
-15.1216135,-57.22262,29.001728,柚子,柚子,fruit30_split/val/柚子/31.jpg
-11.779461,21.491783,-47.58858,柚子,柚子,fruit30_split/val/柚子/49.jpg
-29.706352,43.097645,-14.019242,柚子,柚子,fruit30_split/val/柚子/52.jpg
-36.04236,17.603704,-18.480032,柚子,柚子,fruit30_split/val/柚子/53.jpg
-32.746746,31.121199,-17.585917,柚子,柚子,fruit30_split/val/柚子/56.jpg
-14.713737,14.833997,-44.415295,柚子,柚子,fruit30_split/val/柚子/62.jpg
-10.488608,20.385277,-38.154373,柚子,柚子,fruit30_split/val/柚子/66.png
-11.982037,9.212715,-47.911552,柚子,柚子,fruit30_split/val/柚子/7.jpg
-18.142462,8.281994,-38.247463,柚子,柚子,fruit30_split/val/柚子/8.jpg
-21.392794,35.55413,-19.067307,柚子,苹果-青,fruit30_split/val/柚子/81.jpg
-33.20828,47.380867,-15.008621,柚子,梨,fruit30_split/val/柚子/86.jpg
-46.37735,17.434578,-28.486845,柚子,柚子,fruit30_split/val/柚子/89.jpg
-9.498102,14.861199,-42.115257,柚子,柚子,fruit30_split/val/柚子/96.jpg
-18.358341,11.940922,-6.753459,柠檬,柠檬,fruit30_split/val/柠檬/104.jpeg
-26.817614,33.13018,-17.77864,柠檬,柚子,fruit30_split/val/柠檬/106.jpg
-18.921154,-10.110015,4.5761294,柠檬,脐橙,fruit30_split/val/柠檬/11.jpg
18.075811,-22.605326,-0.56046283,柠檬,柠檬,fruit30_split/val/柠檬/12.jpg
5.7549524,-20.21158,40.320232,柠檬,柠檬,fruit30_split/val/柠檬/129.jpeg
-13.992198,29.27517,2.7592566,柠檬,柠檬,fruit30_split/val/柠檬/132.jpg
-15.769687,18.710148,2.909964,柠檬,柠檬,fruit30_split/val/柠檬/142.jpg
-22.422894,26.764372,2.924513,柠檬,柠檬,fruit30_split/val/柠檬/144.jpg
-5.342032,1.6076562,24.366106,柠檬,黄瓜,fruit30_split/val/柠檬/145.jpg
-1.430242,7.190427,15.591953,柠檬,柠檬,fruit30_split/val/柠檬/146.jpg
-29.058035,-1.5391065,-21.279041,柠檬,柠檬,fruit30_split/val/柠檬/15.jpg
-19.607767,24.816317,-19.14024,柠檬,苹果-青,fruit30_split/val/柠檬/152.jpg
-35.053402,4.5366006,-17.152443,柠檬,柠檬,fruit30_split/val/柠檬/160.jpg
-15.205723,7.3841734,-12.6632595,柠檬,柠檬,fruit30_split/val/柠檬/166.jpg
-22.421808,7.1253195,-20.013971,柠檬,柠檬,fruit30_split/val/柠檬/173.jpg
-34.50986,-1.366315,-31.431986,柠檬,柠檬,fruit30_split/val/柠檬/186.jpeg
20.032326,-29.919716,14.690831,柠檬,柠檬,fruit30_split/val/柠檬/190.jpeg
-15.023481,7.6930923,-3.731127,柠檬,柠檬,fruit30_split/val/柠檬/36.jpg
-32.450695,-5.7871456,-27.403584,柠檬,柠檬,fruit30_split/val/柠檬/37.jpg
-29.14161,2.1463876,-26.093544,柠檬,柠檬,fruit30_split/val/柠檬/4.jpg
-27.197056,14.517337,-1.3826451,柠檬,柠檬,fruit30_split/val/柠檬/41.jpg
-31.438654,10.647414,-28.51024,柠檬,柠檬,fruit30_split/val/柠檬/46.jpg
-20.70616,3.3124547,-10.151388,柠檬,柠檬,fruit30_split/val/柠檬/66.jpeg
-27.361704,1.1861451,-15.74047,柠檬,柠檬,fruit30_split/val/柠檬/80.jpg
-26.321772,10.2068,-23.992842,柠檬,柠檬,fruit30_split/val/柠檬/82.jpg
-25.351868,13.779852,-12.747858,柠檬,柠檬,fruit30_split/val/柠檬/87.jpg
-10.158047,9.542574,-9.979272,柠檬,柠檬,fruit30_split/val/柠檬/91.jpg
-21.21708,19.021545,-28.567232,柠檬,柠檬,fruit30_split/val/柠檬/93.jpg
0.3421978,-33.390644,39.99666,柠檬,葡萄-白,fruit30_split/val/柠檬/98.jpg
17.766565,-13.494969,10.877062,桂圆,桂圆,fruit30_split/val/桂圆/101.jpg
-25.034874,-60.68915,-8.371797,桂圆,桂圆,fruit30_split/val/桂圆/102.jpg
19.782001,-53.691654,38.52877,桂圆,桂圆,fruit30_split/val/桂圆/109.jpg
3.238762,-17.471786,2.0900586,桂圆,桂圆,fruit30_split/val/桂圆/122.jpg
14.267189,-13.925636,-0.7054681,桂圆,桂圆,fruit30_split/val/桂圆/135.jpg
3.4160352,-19.365286,-5.2513666,桂圆,桂圆,fruit30_split/val/桂圆/138.jpg
-4.055495,-13.163941,-1.1455699,桂圆,桂圆,fruit30_split/val/桂圆/144.jpg
12.083218,-16.4226,6.0027504,桂圆,桂圆,fruit30_split/val/桂圆/145.jpeg
5.950359,-12.352001,2.7445927,桂圆,桂圆,fruit30_split/val/桂圆/151.jpg
22.018986,-18.481298,-5.4427586,桂圆,桂圆,fruit30_split/val/桂圆/152.jpg
10.421291,-3.6502573,6.5259614,桂圆,桂圆,fruit30_split/val/桂圆/157.jpg
3.2510562,-2.430518,3.2970407,桂圆,桂圆,fruit30_split/val/桂圆/168.jpeg
8.696888,-53.324776,23.30389,桂圆,桂圆,fruit30_split/val/桂圆/17.jpg
-21.7221,-62.18731,-11.514874,桂圆,桂圆,fruit30_split/val/桂圆/178.jpg
16.149347,-53.459667,32.13874,桂圆,桂圆,fruit30_split/val/桂圆/184.jpg
27.346666,-55.97227,32.134212,桂圆,桂圆,fruit30_split/val/桂圆/185.jpg
18.321053,4.8782005,-6.139673,桂圆,桂圆,fruit30_split/val/桂圆/187.jpeg
14.55094,-59.48159,30.15794,桂圆,桂圆,fruit30_split/val/桂圆/191.jpg
7.733579,3.383038,-0.85682744,桂圆,桂圆,fruit30_split/val/桂圆/193.jpg
12.538779,-48.61839,31.593767,桂圆,桂圆,fruit30_split/val/桂圆/2.jpg
6.2435246,-22.658297,-1.5214201,桂圆,桂圆,fruit30_split/val/桂圆/22.jpeg
8.974682,-9.881005,-5.352389,桂圆,桂圆,fruit30_split/val/桂圆/26.png
20.934484,-57.650368,31.619276,桂圆,桂圆,fruit30_split/val/桂圆/29.jpg
11.115721,-1.3919001,-9.390309,桂圆,桂圆,fruit30_split/val/桂圆/35.jpg
8.233567,-49.185368,43.688316,桂圆,桂圆,fruit30_split/val/桂圆/4.jpg
6.8764324,-6.9015646,-0.84627545,桂圆,桂圆,fruit30_split/val/桂圆/42.jpg
14.524068,-1.787585,-3.8514397,桂圆,桂圆,fruit30_split/val/桂圆/48.jpg
-0.9762968,1.4341336,-7.20393,桂圆,桂圆,fruit30_split/val/桂圆/49.jpg
7.802956,9.643269,-0.8177485,桂圆,桂圆,fruit30_split/val/桂圆/52.jpg
15.684205,-5.591352,1.3488641,桂圆,桂圆,fruit30_split/val/桂圆/60.jpg
-1.7248724,-1.0405909,1.4270799,桂圆,桂圆,fruit30_split/val/桂圆/66.jpg
21.256178,-48.308582,27.131369,桂圆,桂圆,fruit30_split/val/桂圆/73.jpg
9.218428,-55.71053,31.953487,桂圆,桂圆,fruit30_split/val/桂圆/79.jpg
-23.203808,23.890139,-7.863777,桂圆,桂圆,fruit30_split/val/桂圆/82.jpg
1.033468,-4.004267,-5.281985,桂圆,桂圆,fruit30_split/val/桂圆/87.jpeg
18.090513,-10.998706,4.0211825,桂圆,桂圆,fruit30_split/val/桂圆/88.jpeg
3.9653077,-52.900837,34.727978,桂圆,桂圆,fruit30_split/val/桂圆/90.jpeg
18.325672,-55.43844,25.032154,桂圆,桂圆,fruit30_split/val/桂圆/99.jpg
-16.885351,46.76765,-12.542026,梨,苹果-青,fruit30_split/val/梨/1.jpg
-0.41239798,49.555733,-11.653954,梨,梨,fruit30_split/val/梨/11.jpg
9.844751,33.66469,-14.981255,梨,梨,fruit30_split/val/梨/112.jpg
2.0631702,42.303253,-22.591389,梨,梨,fruit30_split/val/梨/114.jpg
-0.70476013,38.672153,-16.339413,梨,梨,fruit30_split/val/梨/116.jpg
-2.1301632,-28.325369,5.6108603,梨,梨,fruit30_split/val/梨/119.jpg
-12.080351,33.128506,-15.504844,梨,梨,fruit30_split/val/梨/12.jpg
-9.4057665,35.93896,-7.3600082,梨,梨,fruit30_split/val/梨/127.jpg
-2.8955052,37.00152,-5.2641025,梨,梨,fruit30_split/val/梨/132.jpg
-6.0211773,35.055645,-15.791568,梨,梨,fruit30_split/val/梨/133.jpg
1.6001439,33.829865,-6.0007715,梨,梨,fruit30_split/val/梨/135.jpg
11.657538,37.675766,-20.61904,梨,梨,fruit30_split/val/梨/138.jpg
-0.5138964,-29.673416,27.002613,梨,葡萄-红,fruit30_split/val/梨/150.jpg
-11.013278,47.876125,-14.812799,梨,苹果-青,fruit30_split/val/梨/170.jpg
-15.1052475,-43.962143,29.046385,梨,梨,fruit30_split/val/梨/174.jpeg
7.4594855,56.841816,-19.667696,梨,梨,fruit30_split/val/梨/186.jpg
-4.3340955,-21.563692,31.163553,梨,梨,fruit30_split/val/梨/19.jpg
-8.128805,-43.443607,32.945835,梨,梨,fruit30_split/val/梨/190.jpg
-11.153985,-31.578775,33.515545,梨,梨,fruit30_split/val/梨/197.jpg
10.046271,55.219734,-16.044264,梨,梨,fruit30_split/val/梨/199.jpg
-11.395929,-24.346193,36.77118,梨,苹果-青,fruit30_split/val/梨/22.jpg
1.7902622,-35.284157,-9.729595,梨,梨,fruit30_split/val/梨/23.jpg
-23.298977,52.3685,-21.301748,梨,梨,fruit30_split/val/梨/27.jpg
-6.458301,44.17794,-18.359312,梨,梨,fruit30_split/val/梨/28.jpg
-7.8833904,27.694157,-9.02698,梨,梨,fruit30_split/val/梨/34.jpg
-12.309529,-28.667881,-31.676632,梨,苹果-红,fruit30_split/val/梨/43.jpg
8.7731285,33.8241,-23.257362,梨,梨,fruit30_split/val/梨/54.jpeg
-16.307837,32.503365,-11.583895,梨,梨,fruit30_split/val/梨/55.jpg
-12.162367,-37.458466,27.919525,梨,梨,fruit30_split/val/梨/68.jpg
3.9371884,29.885918,-29.09477,梨,梨,fruit30_split/val/梨/69.jpg
-6.5007353,-52.65003,37.52849,梨,梨,fruit30_split/val/梨/73.jpg
32.215,28.10403,24.495165,梨,猕猴桃,fruit30_split/val/梨/76.jpg
-19.108395,37.08999,-6.8581204,梨,石榴,fruit30_split/val/梨/77.jpg
-12.568874,25.094791,-4.6134386,梨,梨,fruit30_split/val/梨/82.jpg
-11.375836,-48.0565,37.703583,梨,梨,fruit30_split/val/梨/85.jpg
6.591405,-8.760289,12.69336,梨,桂圆,fruit30_split/val/梨/87.jpg
3.338843,49.61679,-17.151592,梨,梨,fruit30_split/val/梨/92.jpg
-2.5205169,40.840908,-28.698961,椰子,椰子,fruit30_split/val/椰子/102.jpg
15.899833,41.89043,-24.554274,椰子,椰子,fruit30_split/val/椰子/104.jpg
-42.640945,41.70728,-9.938141,椰子,椰子,fruit30_split/val/椰子/105.jpg
-17.47436,-27.015995,25.42044,椰子,椰子,fruit30_split/val/椰子/107.jpeg
7.754931,47.25913,-37.73325,椰子,椰子,fruit30_split/val/椰子/12.jpg
7.4618683,47.231228,-25.43129,椰子,椰子,fruit30_split/val/椰子/128.jpg
-3.3192286,-8.75018,10.680659,椰子,椰子,fruit30_split/val/椰子/133.jpg
-9.365248,-6.500774,49.209248,椰子,椰子,fruit30_split/val/椰子/136.jpg
-9.172008,52.15421,-41.346752,椰子,椰子,fruit30_split/val/椰子/142.jpg
-6.1904964,-0.31641266,45.50265,椰子,桂圆,fruit30_split/val/椰子/163.jpg
-22.837402,-26.380758,16.538437,椰子,椰子,fruit30_split/val/椰子/165.jpg
-3.6617694,41.5781,-49.147125,椰子,椰子,fruit30_split/val/椰子/17.jpeg
4.6195297,48.56263,-45.734905,椰子,椰子,fruit30_split/val/椰子/170.jpg
0.6464653,46.262318,-43.144405,椰子,椰子,fruit30_split/val/椰子/175.jpg
-7.641906,58.593586,-42.491764,椰子,椰子,fruit30_split/val/椰子/176.jpg
39.905464,16.571053,-16.24732,椰子,椰子,fruit30_split/val/椰子/185.jpg
-19.873922,12.327602,10.23258,椰子,西瓜,fruit30_split/val/椰子/187.jpg
-30.102116,-0.79571766,22.32523,椰子,椰子,fruit30_split/val/椰子/190.jpg
3.9673426,-30.977573,6.643215,椰子,椰子,fruit30_split/val/椰子/194.jpg
-19.160923,-33.6865,27.020302,椰子,椰子,fruit30_split/val/椰子/195.jpg
-18.341774,53.2926,-33.267235,椰子,椰子,fruit30_split/val/椰子/196.jpg
-6.842294,52.410225,-26.149267,椰子,椰子,fruit30_split/val/椰子/197.png
-16.745577,-17.52989,37.863598,椰子,椰子,fruit30_split/val/椰子/199.jpg
17.835192,46.4429,6.7444134,椰子,椰子,fruit30_split/val/椰子/23.png
-5.1229134,4.725174,41.13029,椰子,椰子,fruit30_split/val/椰子/25.jpg
0.6739548,-13.48923,8.527171,椰子,桂圆,fruit30_split/val/椰子/30.jpg
-2.1457143,-17.449604,13.363538,椰子,椰子,fruit30_split/val/椰子/33.jpg
1.1924918,40.555515,-45.431736,椰子,椰子,fruit30_split/val/椰子/36.jpg
19.190128,44.015827,0.7385126,椰子,椰子,fruit30_split/val/椰子/43.jpg
23.925524,46.105335,1.276219,椰子,椰子,fruit30_split/val/椰子/49.jpg
16.19434,43.221317,-15.856704,椰子,椰子,fruit30_split/val/椰子/5.jpg
-5.904922,-17.873951,68.54144,椰子,桂圆,fruit30_split/val/椰子/57.jpg
14.498889,42.49618,-3.5396967,椰子,椰子,fruit30_split/val/椰子/60.jpeg
-1.2911488,37.494057,-40.71983,椰子,椰子,fruit30_split/val/椰子/78.jpg
-11.661704,46.590446,-42.314995,椰子,椰子,fruit30_split/val/椰子/80.jpg
-23.454905,-35.9518,24.25139,椰子,椰子,fruit30_split/val/椰子/81.jpg
-10.070705,-24.050936,24.99766,椰子,椰子,fruit30_split/val/椰子/84.jpg
24.49016,39.454987,2.1839046,椰子,椰子,fruit30_split/val/椰子/90.jpg
-7.0661063,51.458122,35.074215,榴莲,榴莲,fruit30_split/val/榴莲/10.jpg
-11.779938,2.0445478,16.307613,榴莲,香蕉,fruit30_split/val/榴莲/101.jpg
13.71215,-0.37487444,46.211132,榴莲,荔枝,fruit30_split/val/榴莲/102.jpg
0.059086762,56.029816,23.478775,榴莲,榴莲,fruit30_split/val/榴莲/106.jpg
14.808934,2.5810573,52.377377,榴莲,榴莲,fruit30_split/val/榴莲/112.jpg
-10.389725,45.20175,45.767666,榴莲,榴莲,fruit30_split/val/榴莲/135.jpg
-6.681323,51.15136,22.863165,榴莲,榴莲,fruit30_split/val/榴莲/149.jpeg
-2.9433541,34.822506,44.700336,榴莲,榴莲,fruit30_split/val/榴莲/150.jpg
-1.9648576,36.942146,49.82135,榴莲,榴莲,fruit30_split/val/榴莲/161.jpg
-1.2526989,56.743443,29.619043,榴莲,榴莲,fruit30_split/val/榴莲/163.jpg
-11.761627,43.212147,35.62357,榴莲,榴莲,fruit30_split/val/榴莲/170.jpg
4.9086766,51.70453,24.85482,榴莲,榴莲,fruit30_split/val/榴莲/181.jpg
-21.82445,42.609848,42.292477,榴莲,柚子,fruit30_split/val/榴莲/191.jpg
47.441803,30.671667,-1.3715851,榴莲,榴莲,fruit30_split/val/榴莲/198.jpg
-12.497035,48.65554,39.257713,榴莲,榴莲,fruit30_split/val/榴莲/20.jpg
7.2560453,10.7251835,44.31288,榴莲,榴莲,fruit30_split/val/榴莲/3.jpg
12.018749,43.894173,29.056835,榴莲,榴莲,fruit30_split/val/榴莲/36.jpg
13.274966,11.988425,47.630196,榴莲,榴莲,fruit30_split/val/榴莲/39.jpg
8.902386,1.1205724,57.689285,榴莲,榴莲,fruit30_split/val/榴莲/43.jpg
11.67126,11.175701,56.70806,榴莲,榴莲,fruit30_split/val/榴莲/44.jpeg
-6.8670506,56.733025,36.56305,榴莲,榴莲,fruit30_split/val/榴莲/46.jpg
7.6747694,12.717207,49.541004,榴莲,榴莲,fruit30_split/val/榴莲/47.jpg
2.1374984,53.348866,32.885296,榴莲,榴莲,fruit30_split/val/榴莲/55.jpg
12.632547,50.804623,19.093729,榴莲,榴莲,fruit30_split/val/榴莲/58.jpg
3.3838332,-1.6049645,60.324654,榴莲,榴莲,fruit30_split/val/榴莲/71.jpg
9.510299,47.47055,24.599936,榴莲,榴莲,fruit30_split/val/榴莲/74.jpg
-3.0393229,46.057217,34.21381,榴莲,榴莲,fruit30_split/val/榴莲/75.jpg
-9.161012,49.015923,28.799707,榴莲,榴莲,fruit30_split/val/榴莲/78.jpg
4.523759,42.549835,12.460905,榴莲,椰子,fruit30_split/val/榴莲/84.png
-55.532166,14.344196,-15.122745,榴莲,哈密瓜,fruit30_split/val/榴莲/85.jpg
-9.618526,-20.583466,4.6667333,榴莲,芒果,fruit30_split/val/榴莲/87.jpg
16.112535,13.0837965,59.179333,榴莲,榴莲,fruit30_split/val/榴莲/88.jpg
-11.999548,52.69927,44.67094,榴莲,榴莲,fruit30_split/val/榴莲/90.jpg
18.23794,1.3719814,57.902725,榴莲,榴莲,fruit30_split/val/榴莲/91.jpg
-17.861134,50.96011,37.644466,榴莲,榴莲,fruit30_split/val/榴莲/98.jpg
-34.06451,-4.716803,-7.165081,榴莲,柠檬,fruit30_split/val/榴莲/99.jpg
-9.53681,-7.8948646,-74.36516,火龙果,火龙果,fruit30_split/val/火龙果/103.jpg
-12.238172,-1.0302972,-76.66844,火龙果,火龙果,fruit30_split/val/火龙果/106.jpg
-18.939625,2.1377375,-63.20376,火龙果,火龙果,fruit30_split/val/火龙果/109.jpg
-22.824688,-3.9394426,-63.49848,火龙果,火龙果,fruit30_split/val/火龙果/113.jpg
-11.178772,-3.193569,-62.744133,火龙果,火龙果,fruit30_split/val/火龙果/114.jpg
-24.27472,-2.123093,-70.80712,火龙果,火龙果,fruit30_split/val/火龙果/118.jpg
-18.50083,2.9132943,-69.7725,火龙果,火龙果,fruit30_split/val/火龙果/13.jpg
0.9110951,15.119037,-60.20481,火龙果,火龙果,fruit30_split/val/火龙果/138.jpg
-19.683752,17.317862,-67.51063,火龙果,火龙果,fruit30_split/val/火龙果/153.jpg
-15.092861,-4.3481016,-68.559456,火龙果,火龙果,fruit30_split/val/火龙果/163.jpg
-5.8617463,-1.242081,-58.41846,火龙果,火龙果,fruit30_split/val/火龙果/164.jpg
-15.287622,22.945845,-64.82778,火龙果,火龙果,fruit30_split/val/火龙果/172.jpg
-1.7650392,12.118016,-70.763725,火龙果,火龙果,fruit30_split/val/火龙果/176.jpg
-27.625025,15.036788,-73.826096,火龙果,火龙果,fruit30_split/val/火龙果/184.jpg
-5.1192613,-16.229181,-67.63784,火龙果,苹果-红,fruit30_split/val/火龙果/19.jpg
-13.723984,-11.338671,-56.38047,火龙果,火龙果,fruit30_split/val/火龙果/191.jpg
-14.151691,6.033291,-70.66821,火龙果,火龙果,fruit30_split/val/火龙果/196.jpg
-19.459269,-7.1372714,-74.10241,火龙果,火龙果,fruit30_split/val/火龙果/197.jpg
-17.047607,-2.9200487,-53.62926,火龙果,火龙果,fruit30_split/val/火龙果/21.jpg
-13.231802,11.689782,-65.07257,火龙果,火龙果,fruit30_split/val/火龙果/23.jpg
-21.43012,8.375891,-74.265274,火龙果,火龙果,fruit30_split/val/火龙果/29.jpg
-15.977562,-12.684315,-62.99016,火龙果,椰子,fruit30_split/val/火龙果/3.jpg
4.3188157,-9.47591,46.822853,火龙果,火龙果,fruit30_split/val/火龙果/33.jpg
-13.027271,11.705002,-72.34732,火龙果,火龙果,fruit30_split/val/火龙果/34.jpg
25.447647,46.725285,20.917631,火龙果,火龙果,fruit30_split/val/火龙果/45.jpg
-6.785584,-5.556346,-56.61224,火龙果,火龙果,fruit30_split/val/火龙果/47.jpeg
-25.11216,14.433698,-66.470474,火龙果,火龙果,fruit30_split/val/火龙果/56.jpg
-12.325543,-13.50969,-68.41648,火龙果,火龙果,fruit30_split/val/火龙果/60.jpg
-15.059578,-15.406207,-72.081955,火龙果,火龙果,fruit30_split/val/火龙果/64.jpg
8.17709,-12.860263,47.684322,火龙果,火龙果,fruit30_split/val/火龙果/70.jpg
8.396002,14.588152,-68.82408,火龙果,火龙果,fruit30_split/val/火龙果/76.jpeg
-23.536135,-11.249155,-68.04414,火龙果,火龙果,fruit30_split/val/火龙果/78.jpg
-24.239847,8.439788,-66.47602,火龙果,火龙果,fruit30_split/val/火龙果/80.jpg
-17.983416,-24.16398,-64.14719,火龙果,火龙果,fruit30_split/val/火龙果/83.jpg
-6.4616613,-7.060432,-67.31504,火龙果,火龙果,fruit30_split/val/火龙果/84.jpg
15.235296,-17.293493,42.227062,火龙果,石榴,fruit30_split/val/火龙果/90.jpg
-25.581312,56.796467,-5.117737,猕猴桃,猕猴桃,fruit30_split/val/猕猴桃/101.jpg
-4.660658,-63.428154,35.145405,猕猴桃,猕猴桃,fruit30_split/val/猕猴桃/113.jpg
-22.830017,39.52994,25.93969,猕猴桃,猕猴桃,fruit30_split/val/猕猴桃/118.jpeg
30.38601,47.40585,3.5040643,猕猴桃,猕猴桃,fruit30_split/val/猕猴桃/124.jpg
12.775733,18.13776,-23.917267,猕猴桃,黄瓜,fruit30_split/val/猕猴桃/127.jpg
-35.306778,-41.473255,34.946556,猕猴桃,哈密瓜,fruit30_split/val/猕猴桃/128.jpg
-38.944828,47.042614,5.0600677,猕猴桃,猕猴桃,fruit30_split/val/猕猴桃/136.jpg
-29.747202,52.965492,22.7525,猕猴桃,猕猴桃,fruit30_split/val/猕猴桃/144.jpg
-4.6554785,-55.481037,28.004341,猕猴桃,桂圆,fruit30_split/val/猕猴桃/149.jpeg
-36.69037,41.68754,16.379545,猕猴桃,猕猴桃,fruit30_split/val/猕猴桃/167.png
-24.752758,39.86545,7.917558,猕猴桃,猕猴桃,fruit30_split/val/猕猴桃/17.jpg
-8.113754,-59.577946,29.692774,猕猴桃,猕猴桃,fruit30_split/val/猕猴桃/188.jpg
-5.138924,-42.183872,41.045216,猕猴桃,猕猴桃,fruit30_split/val/猕猴桃/192.jpeg
-32.168373,39.922028,27.228922,猕猴桃,猕猴桃,fruit30_split/val/猕猴桃/197.jpg
-33.68683,44.602623,8.540438,猕猴桃,猕猴桃,fruit30_split/val/猕猴桃/199.jpeg
-22.126122,19.80267,9.601356,猕猴桃,猕猴桃,fruit30_split/val/猕猴桃/32.jpg
-25.787912,47.79068,9.162154,猕猴桃,猕猴桃,fruit30_split/val/猕猴桃/34.jpg
20.815643,14.009313,47.35988,猕猴桃,猕猴桃,fruit30_split/val/猕猴桃/38.jpeg
-26.734379,53.347717,5.2365007,猕猴桃,猕猴桃,fruit30_split/val/猕猴桃/40.jpg
-23.7001,46.801113,18.740044,猕猴桃,猕猴桃,fruit30_split/val/猕猴桃/41.jpeg
-32.13482,33.425766,21.147638,猕猴桃,猕猴桃,fruit30_split/val/猕猴桃/44.jpg
-21.73859,52.298027,13.977936,猕猴桃,猕猴桃,fruit30_split/val/猕猴桃/46.jpg
-29.910921,55.48527,16.029747,猕猴桃,猕猴桃,fruit30_split/val/猕猴桃/47.jpg
-37.36635,52.969227,23.266836,猕猴桃,猕猴桃,fruit30_split/val/猕猴桃/48.jpg
-17.2684,49.390602,8.740069,猕猴桃,猕猴桃,fruit30_split/val/猕猴桃/50.jpg
-29.220404,39.5298,18.78035,猕猴桃,猕猴桃,fruit30_split/val/猕猴桃/54.jpg
-18.59008,42.672775,9.644225,猕猴桃,猕猴桃,fruit30_split/val/猕猴桃/56.jpg
-24.577826,45.57757,2.6624115,猕猴桃,猕猴桃,fruit30_split/val/猕猴桃/57.jpg
-29.820051,41.636192,12.547329,猕猴桃,猕猴桃,fruit30_split/val/猕猴桃/6.jpeg
-37.647984,48.28008,25.642183,猕猴桃,猕猴桃,fruit30_split/val/猕猴桃/66.jpg
-28.701498,43.179493,-1.9361067,猕猴桃,芒果,fruit30_split/val/猕猴桃/68.jpg
-31.251842,46.146107,17.746105,猕猴桃,猕猴桃,fruit30_split/val/猕猴桃/70.jpg
-27.428242,46.762714,25.163393,猕猴桃,猕猴桃,fruit30_split/val/猕猴桃/77.jpg
-32.37224,36.401512,12.796069,猕猴桃,猕猴桃,fruit30_split/val/猕猴桃/92.jpg
-14.620949,-30.120703,50.987453,猕猴桃,柚子,fruit30_split/val/猕猴桃/94.jpeg
-23.421925,35.64521,19.007658,猕猴桃,猕猴桃,fruit30_split/val/猕猴桃/96.jpg
-26.75832,29.131367,13.739681,猕猴桃,猕猴桃,fruit30_split/val/猕猴桃/99.jpg
70.05961,-7.8701305,-25.006174,石榴,石榴,fruit30_split/val/石榴/10.jpg
10.662132,6.912715,-69.513824,石榴,石榴,fruit30_split/val/石榴/101.jpg
12.294597,13.605756,-59.52402,石榴,西红柿,fruit30_split/val/石榴/106.jpg
17.24046,14.684978,-64.135315,石榴,石榴,fruit30_split/val/石榴/107.jpg
-8.794121,2.6973143,64.50858,石榴,西瓜,fruit30_split/val/石榴/114.jpg
61.55701,-17.771166,-24.011951,石榴,石榴,fruit30_split/val/石榴/115.jpg
65.22013,-25.338627,-23.980501,石榴,石榴,fruit30_split/val/石榴/12.png
6.3064923,4.385233,-64.70164,石榴,石榴,fruit30_split/val/石榴/127.jpg
-6.7665114,-3.5445194,62.13048,石榴,脐橙,fruit30_split/val/石榴/134.jpg
65.38439,-20.662664,-6.5510793,石榴,石榴,fruit30_split/val/石榴/136.jpg
51.2478,-33.10426,-18.54737,石榴,石榴,fruit30_split/val/石榴/14.jpg
58.232075,-11.231408,-25.40533,石榴,石榴,fruit30_split/val/石榴/147.jpg
34.796482,-2.5233614,0.58098346,石榴,杨梅,fruit30_split/val/石榴/155.jpeg
62.001225,-12.710511,-15.228724,石榴,石榴,fruit30_split/val/石榴/158.jpg
62.302002,-16.597912,-33.416542,石榴,石榴,fruit30_split/val/石榴/174.jpeg
71.33335,-12.096997,-20.926647,石榴,石榴,fruit30_split/val/石榴/175.jpg
75.13482,-11.582748,-25.686487,石榴,石榴,fruit30_split/val/石榴/179.jpg
61.48314,-22.795835,-34.704655,石榴,石榴,fruit30_split/val/石榴/19.jpg
65.92472,-3.2785969,-19.203468,石榴,石榴,fruit30_split/val/石榴/2.png
63.870594,-25.53045,-39.60259,石榴,石榴,fruit30_split/val/石榴/27.jpg
13.402256,-7.9667497,24.948332,石榴,石榴,fruit30_split/val/石榴/33.jpg
1.0237162,-2.748998,-57.18359,石榴,石榴,fruit30_split/val/石榴/35.jpg
56.39621,-20.543558,-18.416117,石榴,葡萄-红,fruit30_split/val/石榴/43.jpeg
2.4959157,-10.693998,25.747705,石榴,石榴,fruit30_split/val/石榴/44.jpg
10.312865,-18.243694,21.137646,石榴,石榴,fruit30_split/val/石榴/46.jpg
60.59914,-23.857698,-27.058409,石榴,石榴,fruit30_split/val/石榴/49.jpg
1.7242389,-15.744713,32.9369,石榴,石榴,fruit30_split/val/石榴/5.jpg
56.37176,-16.167778,-35.27328,石榴,石榴,fruit30_split/val/石榴/55.jpg
14.991973,-23.194204,23.792324,石榴,石榴,fruit30_split/val/石榴/6.jpg
2.6557586,8.547244,-62.48191,石榴,石榴,fruit30_split/val/石榴/60.jpg
56.295227,-9.332138,-37.810173,石榴,石榴,fruit30_split/val/石榴/66.jpg
67.189926,-21.751886,-15.011073,石榴,石榴,fruit30_split/val/石榴/67.jpg
66.28201,-17.257095,-19.489843,石榴,石榴,fruit30_split/val/石榴/77.jpg
63.43569,-5.26019,-25.45582,石榴,石榴,fruit30_split/val/石榴/80.jpg
71.08728,-15.94058,-33.130463,石榴,石榴,fruit30_split/val/石榴/84.jpg
9.330401,-15.282627,31.65132,石榴,石榴,fruit30_split/val/石榴/88.jpg
2.4536617,-18.896492,24.22472,石榴,石榴,fruit30_split/val/石榴/89.jpg
-5.818267,-25.878586,-17.635033,砂糖橘,砂糖橘,fruit30_split/val/砂糖橘/101.jpg
0.36558896,-11.594236,-15.354919,砂糖橘,柚子,fruit30_split/val/砂糖橘/103.jpg
-15.198186,-2.2163136,-4.787171,砂糖橘,砂糖橘,fruit30_split/val/砂糖橘/104.jpg
-17.201998,-33.909283,-3.947139,砂糖橘,砂糖橘,fruit30_split/val/砂糖橘/110.jpg
-24.780165,-15.13758,-8.71443,砂糖橘,砂糖橘,fruit30_split/val/砂糖橘/112.jpg
0.33130613,-25.49526,-24.141006,砂糖橘,砂糖橘,fruit30_split/val/砂糖橘/113.jpg
-15.932939,-6.5145555,-7.7626925,砂糖橘,砂糖橘,fruit30_split/val/砂糖橘/128.jpg
29.931011,-38.73262,34.470722,砂糖橘,砂糖橘,fruit30_split/val/砂糖橘/130.jpg
-15.114276,-23.504778,-17.013386,砂糖橘,砂糖橘,fruit30_split/val/砂糖橘/132.jpg
-4.8175774,-19.55406,-16.24701,砂糖橘,砂糖橘,fruit30_split/val/砂糖橘/155.png
-9.802616,-38.516724,-10.985439,砂糖橘,砂糖橘,fruit30_split/val/砂糖橘/163.jpg
15.291069,-20.883076,-9.696535,砂糖橘,砂糖橘,fruit30_split/val/砂糖橘/164.jpg
-15.904783,-28.918596,-4.7784815,砂糖橘,砂糖橘,fruit30_split/val/砂糖橘/177.jpg
-4.962315,-25.077383,-25.522867,砂糖橘,砂糖橘,fruit30_split/val/砂糖橘/180.jpg
-18.144754,-18.465012,-25.323753,砂糖橘,砂糖橘,fruit30_split/val/砂糖橘/183.jpg
-25.12455,-20.37554,-5.155205,砂糖橘,芒果,fruit30_split/val/砂糖橘/193.jpg
-8.136314,-27.98989,-12.965384,砂糖橘,砂糖橘,fruit30_split/val/砂糖橘/194.jpg
5.771694,-10.991748,-11.691679,砂糖橘,胡萝卜,fruit30_split/val/砂糖橘/25.jpg
13.502707,-31.04309,-15.210131,砂糖橘,砂糖橘,fruit30_split/val/砂糖橘/28.jpg
-16.44175,-31.703753,4.853746,砂糖橘,砂糖橘,fruit30_split/val/砂糖橘/29.jpg
22.480759,-29.61481,-12.102651,砂糖橘,砂糖橘,fruit30_split/val/砂糖橘/35.jpg
14.929861,-33.130886,-9.448262,砂糖橘,砂糖橘,fruit30_split/val/砂糖橘/38.png
11.575358,-21.349354,-15.483477,砂糖橘,砂糖橘,fruit30_split/val/砂糖橘/43.jpeg
-15.217199,-45.189323,-2.760023,砂糖橘,脐橙,fruit30_split/val/砂糖橘/44.jpg
-16.357262,-15.141685,-12.06295,砂糖橘,砂糖橘,fruit30_split/val/砂糖橘/49.jpg
-23.764305,-14.716897,-13.859486,砂糖橘,砂糖橘,fruit30_split/val/砂糖橘/5.jpg
15.744361,-26.320223,-9.4320965,砂糖橘,砂糖橘,fruit30_split/val/砂糖橘/55.jpg
26.44234,-41.799908,29.562187,砂糖橘,脐橙,fruit30_split/val/砂糖橘/58.jpg
-7.678011,-24.62134,-7.492314,砂糖橘,砂糖橘,fruit30_split/val/砂糖橘/6.png
-20.944544,-30.368803,-11.956279,砂糖橘,砂糖橘,fruit30_split/val/砂糖橘/60.jpg
-20.7221,-5.968088,-2.321522,砂糖橘,砂糖橘,fruit30_split/val/砂糖橘/62.jpg
34.043903,-34.361164,33.66438,砂糖橘,砂糖橘,fruit30_split/val/砂糖橘/63.jpg
-14.549115,-35.063198,-11.22986,砂糖橘,砂糖橘,fruit30_split/val/砂糖橘/77.jpeg
-8.254343,-27.01896,2.169601,砂糖橘,砂糖橘,fruit30_split/val/砂糖橘/78.jpg
-17.265928,-38.324306,13.0618305,砂糖橘,脐橙,fruit30_split/val/砂糖橘/97.jpeg
-46.19606,-36.341606,23.281239,胡萝卜,胡萝卜,fruit30_split/val/胡萝卜/10.jpg
-55.458614,-10.7669325,17.157322,胡萝卜,胡萝卜,fruit30_split/val/胡萝卜/106.jpg
-39.213505,-29.071644,38.240047,胡萝卜,胡萝卜,fruit30_split/val/胡萝卜/108.jpg
-40.54945,-0.11136857,12.568419,胡萝卜,胡萝卜,fruit30_split/val/胡萝卜/11.jpg
-49.049202,-17.229546,35.171936,胡萝卜,胡萝卜,fruit30_split/val/胡萝卜/111.jpg
-38.742813,-14.182865,10.612207,胡萝卜,胡萝卜,fruit30_split/val/胡萝卜/114.jpeg
-53.133724,-32.37571,22.839308,胡萝卜,胡萝卜,fruit30_split/val/胡萝卜/116.jpg
4.7062488,1.7188188,18.576124,胡萝卜,胡萝卜,fruit30_split/val/胡萝卜/121.jpg
-36.04482,-20.635471,45.467316,胡萝卜,胡萝卜,fruit30_split/val/胡萝卜/128.jpg
76.1566,-10.490476,-14.751438,胡萝卜,胡萝卜,fruit30_split/val/胡萝卜/138.jpg
-41.71528,-20.961075,8.924819,胡萝卜,胡萝卜,fruit30_split/val/胡萝卜/150.jpg
-48.22719,-21.18009,12.243764,胡萝卜,胡萝卜,fruit30_split/val/胡萝卜/160.jpg
-42.76034,-23.260088,31.941475,胡萝卜,胡萝卜,fruit30_split/val/胡萝卜/167.jpg
-48.515827,-5.0862346,14.806561,胡萝卜,胡萝卜,fruit30_split/val/胡萝卜/175.jpg
-13.683192,-1.9329319,10.391123,胡萝卜,胡萝卜,fruit30_split/val/胡萝卜/181.jpg
-40.89633,-10.800571,0.005609027,胡萝卜,胡萝卜,fruit30_split/val/胡萝卜/186.jpeg
-37.56922,-7.3067656,-45.774887,胡萝卜,西瓜,fruit30_split/val/胡萝卜/188.jpg
-44.07904,-23.805763,37.397472,胡萝卜,胡萝卜,fruit30_split/val/胡萝卜/19.jpg
-35.585403,0.22851005,3.8794892,胡萝卜,芒果,fruit30_split/val/胡萝卜/192.jpg
-31.511604,-27.746042,43.773914,胡萝卜,黄瓜,fruit30_split/val/胡萝卜/196.jpg
-42.335896,-18.229439,42.104942,胡萝卜,胡萝卜,fruit30_split/val/胡萝卜/20.jpg
-41.943295,8.553328,-8.821659,胡萝卜,芒果,fruit30_split/val/胡萝卜/21.jpg
-36.514023,-4.6953115,10.797983,胡萝卜,胡萝卜,fruit30_split/val/胡萝卜/23.jpeg
-46.01978,-9.51707,8.952308,胡萝卜,胡萝卜,fruit30_split/val/胡萝卜/30.jpg
-44.72531,-6.527837,19.171785,胡萝卜,胡萝卜,fruit30_split/val/胡萝卜/35.jpg
-41.790276,-27.611086,45.052666,胡萝卜,胡萝卜,fruit30_split/val/胡萝卜/57.jpg
-36.374813,-21.153027,13.576766,胡萝卜,胡萝卜,fruit30_split/val/胡萝卜/61.jpg
-40.695045,-16.459866,15.064344,胡萝卜,胡萝卜,fruit30_split/val/胡萝卜/63.jpg
-52.151474,-2.431968,18.536926,胡萝卜,胡萝卜,fruit30_split/val/胡萝卜/65.jpg
-36.09406,-22.991522,32.72193,胡萝卜,胡萝卜,fruit30_split/val/胡萝卜/75.jpg
-49.697132,-29.323864,36.311207,胡萝卜,胡萝卜,fruit30_split/val/胡萝卜/76.jpg
-49.57236,-21.445559,42.599762,胡萝卜,胡萝卜,fruit30_split/val/胡萝卜/80.jpg
-0.9900758,17.16148,-5.273424,胡萝卜,胡萝卜,fruit30_split/val/胡萝卜/83.jpg
-37.05906,-7.1445675,4.6345673,胡萝卜,胡萝卜,fruit30_split/val/胡萝卜/85.jpg
-41.251534,-39.049072,7.4047904,胡萝卜,胡萝卜,fruit30_split/val/胡萝卜/87.jpeg
-46.40313,-31.443346,22.493,胡萝卜,胡萝卜,fruit30_split/val/胡萝卜/95.jpg
-16.215282,-17.496134,-38.5481,脐橙,脐橙,fruit30_split/val/脐橙/101.jpg
-7.9353046,-51.235863,-0.40379542,脐橙,脐橙,fruit30_split/val/脐橙/105.jpg
-29.242352,-10.876561,-16.643948,脐橙,脐橙,fruit30_split/val/脐橙/109.jpg
-16.793697,-31.671314,11.0434265,脐橙,脐橙,fruit30_split/val/脐橙/123.jpg
-24.30692,-34.4727,7.719557,脐橙,脐橙,fruit30_split/val/脐橙/124.jpg
-4.260533,-11.888861,61.73147,脐橙,胡萝卜,fruit30_split/val/脐橙/13.jpg
-12.705414,-28.676294,12.70534,脐橙,脐橙,fruit30_split/val/脐橙/135.jpg
-8.63221,-34.785667,7.37959,脐橙,脐橙,fruit30_split/val/脐橙/142.jpg
-5.704796,-41.635174,12.452226,脐橙,脐橙,fruit30_split/val/脐橙/145.jpg
-16.104353,-13.925175,-0.58614576,脐橙,砂糖橘,fruit30_split/val/脐橙/147.jpg
-12.193743,-4.7756586,-16.529322,脐橙,柠檬,fruit30_split/val/脐橙/148.jpg
-12.159593,2.2458594,-13.242068,脐橙,柠檬,fruit30_split/val/脐橙/155.jpg
-9.34526,-10.055027,64.41227,脐橙,脐橙,fruit30_split/val/脐橙/16.jpg
-7.674347,-35.129765,-1.5016109,脐橙,砂糖橘,fruit30_split/val/脐橙/161.jpg
-26.077404,-42.848476,-9.725921,脐橙,砂糖橘,fruit30_split/val/脐橙/162.jpg
-21.541761,-6.786514,-15.937748,脐橙,脐橙,fruit30_split/val/脐橙/168.jpeg
-10.687656,-36.53278,13.417439,脐橙,脐橙,fruit30_split/val/脐橙/173.jpg
-21.172314,-8.844943,-31.628706,脐橙,脐橙,fruit30_split/val/脐橙/178.jpg
26.428022,-36.844585,39.317974,脐橙,脐橙,fruit30_split/val/脐橙/179.jpg
-9.2460165,-44.56729,0.010352211,脐橙,脐橙,fruit30_split/val/脐橙/181.jpg
-29.606148,-14.254117,-27.411741,脐橙,脐橙,fruit30_split/val/脐橙/184.jpg
-15.39793,-39.46163,5.2360144,脐橙,脐橙,fruit30_split/val/脐橙/185.jpg
-22.41942,-7.9177165,-23.555843,脐橙,脐橙,fruit30_split/val/脐橙/19.jpg
-12.112526,-31.192547,-19.000795,脐橙,砂糖橘,fruit30_split/val/脐橙/191.jpg
-17.759817,-46.330956,10.128411,脐橙,脐橙,fruit30_split/val/脐橙/21.jpg
-13.293574,-9.635066,70.32115,脐橙,桂圆,fruit30_split/val/脐橙/29.jpeg
-3.4124975,-9.684712,66.75906,脐橙,脐橙,fruit30_split/val/脐橙/3.jpg
-12.155484,-44.605553,8.364235,脐橙,脐橙,fruit30_split/val/脐橙/36.jpeg
-24.03531,-38.84855,-0.35996118,脐橙,脐橙,fruit30_split/val/脐橙/46.jpg
-12.22004,-43.462162,18.580086,脐橙,脐橙,fruit30_split/val/脐橙/51.jpg
-12.52548,-9.977351,-37.808197,脐橙,脐橙,fruit30_split/val/脐橙/54.jpg
-17.421576,-11.7146635,-21.004387,脐橙,脐橙,fruit30_split/val/脐橙/59.jpeg
-20.587212,-25.935324,6.5018067,脐橙,脐橙,fruit30_split/val/脐橙/60.jpg
-5.536982,-48.985786,17.947546,脐橙,脐橙,fruit30_split/val/脐橙/62.jpg
-16.469204,10.298902,-24.94102,脐橙,脐橙,fruit30_split/val/脐橙/66.jpg
-2.1184206,-31.711557,-6.268176,脐橙,梨,fruit30_split/val/脐橙/67.jpg
-12.592184,8.335726,26.507095,脐橙,砂糖橘,fruit30_split/val/脐橙/75.jpg
-39.000385,37.379814,-19.200872,芒果,芒果,fruit30_split/val/芒果/1.jpg
-31.626707,41.205273,-38.467606,芒果,柚子,fruit30_split/val/芒果/101.jpg
-30.9592,-23.188066,-28.022846,芒果,芒果,fruit30_split/val/芒果/108.jpeg
-5.338271,-17.59895,-35.637306,芒果,芒果,fruit30_split/val/芒果/110.jpg
-43.244102,1.6061816,-1.2161963,芒果,芒果,fruit30_split/val/芒果/111.jpg
-45.85077,-19.984726,-19.760515,芒果,芒果,fruit30_split/val/芒果/152.jpg
-25.798199,-13.786044,14.281154,芒果,芒果,fruit30_split/val/芒果/167.jpg
-31.684757,5.993099,-6.135269,芒果,芒果,fruit30_split/val/芒果/172.jpg
0.601268,-38.131683,60.602665,芒果,芒果,fruit30_split/val/芒果/173.jpeg
7.0594797,-40.70698,1.2612966,芒果,芒果,fruit30_split/val/芒果/176.jpeg
2.4719505,-40.12456,30.149635,芒果,芒果,fruit30_split/val/芒果/177.jpeg
-31.701002,27.554804,-24.660755,芒果,芒果,fruit30_split/val/芒果/18.jpg
0.601268,-38.131683,60.602665,芒果,芒果,fruit30_split/val/芒果/182.jpeg
10.025667,-37.18611,0.079437874,芒果,芒果,fruit30_split/val/芒果/185.jpeg
-13.739211,43.129425,-21.883568,芒果,芒果,fruit30_split/val/芒果/187.jpg
-44.04831,39.211056,-18.500181,芒果,芒果,fruit30_split/val/芒果/189.jpg
-4.419133,-44.232746,-4.5920887,芒果,芒果,fruit30_split/val/芒果/198.jpg
5.506131,-26.873844,34.30383,芒果,芒果,fruit30_split/val/芒果/199.jpeg
-45.949562,-10.10102,-23.418938,芒果,芒果,fruit30_split/val/芒果/21.jpg
-51.849968,-12.638355,-12.178562,芒果,芒果,fruit30_split/val/芒果/23.jpg
-51.644657,-20.125784,-23.337048,芒果,芒果,fruit30_split/val/芒果/24.jpg
-31.171244,-6.3540735,10.436149,芒果,西红柿,fruit30_split/val/芒果/30.jpg
-51.139393,28.481125,20.543604,芒果,芒果,fruit30_split/val/芒果/36.jpg
-46.385216,-15.992346,-14.615153,芒果,芒果,fruit30_split/val/芒果/40.jpg
-40.66173,-20.149704,-21.252392,芒果,芒果,fruit30_split/val/芒果/47.jpg
-31.626707,41.205273,-38.467606,芒果,柚子,fruit30_split/val/芒果/55.jpg
-6.0582824,16.797758,28.210974,芒果,榴莲,fruit30_split/val/芒果/58.jpg
-45.516315,-6.5269156,-18.662884,芒果,芒果,fruit30_split/val/芒果/6.jpg
-25.996063,-20.748552,-17.698896,芒果,芒果,fruit30_split/val/芒果/66.jpg
-46.316975,-5.637278,-9.569098,芒果,芒果,fruit30_split/val/芒果/73.jpg
-19.418352,-15.688768,6.3856845,芒果,芒果,fruit30_split/val/芒果/8.jpg
-35.309624,-23.82061,-9.241761,芒果,菠萝,fruit30_split/val/芒果/90.jpg
-30.94398,45.51806,-27.41424,芒果,梨,fruit30_split/val/芒果/95.jpg
-18.452837,-7.320997,51.081604,苦瓜,黄瓜,fruit30_split/val/苦瓜/105.jpg
-49.40883,-3.8139331,35.247288,苦瓜,黄瓜,fruit30_split/val/苦瓜/107.jpeg
-22.80689,5.67317,49.170647,苦瓜,苦瓜,fruit30_split/val/苦瓜/122.jpg
-19.614313,6.790969,56.63617,苦瓜,苦瓜,fruit30_split/val/苦瓜/126.jpg
-26.772776,3.4818377,52.80774,苦瓜,苦瓜,fruit30_split/val/苦瓜/134.jpg
-3.5387137,20.40343,14.248819,苦瓜,苦瓜,fruit30_split/val/苦瓜/135.jpeg
-18.99037,-1.1412474,54.59075,苦瓜,苦瓜,fruit30_split/val/苦瓜/136.jpg
-14.877318,-4.669138,59.224022,苦瓜,苦瓜,fruit30_split/val/苦瓜/148.jpg
-29.984848,19.247871,31.192633,苦瓜,苦瓜,fruit30_split/val/苦瓜/150.jpg
-18.419912,-10.488864,56.5313,苦瓜,苦瓜,fruit30_split/val/苦瓜/154.jpg
-25.38791,24.125582,32.55835,苦瓜,苦瓜,fruit30_split/val/苦瓜/158.jpg
2.7794292,27.501251,8.468227,苦瓜,西瓜,fruit30_split/val/苦瓜/161.jpg
2.4243283,22.798433,7.7974215,苦瓜,西瓜,fruit30_split/val/苦瓜/167.jpg
-30.532082,16.568792,52.20059,苦瓜,苦瓜,fruit30_split/val/苦瓜/171.jpg
2.220143,16.143597,20.525703,苦瓜,苦瓜,fruit30_split/val/苦瓜/175.jpg
15.631116,30.377756,16.219662,苦瓜,苦瓜,fruit30_split/val/苦瓜/183.jpg
-21.277985,15.817853,41.021603,苦瓜,苦瓜,fruit30_split/val/苦瓜/185.jpeg
8.493762,18.012718,25.135065,苦瓜,苦瓜,fruit30_split/val/苦瓜/188.jpg
-27.92858,16.250269,41.28116,苦瓜,苦瓜,fruit30_split/val/苦瓜/19.jpg
6.8574224,21.519402,2.7742164,苦瓜,苦瓜,fruit30_split/val/苦瓜/193.jpg
-22.851482,-31.646252,32.67711,苦瓜,桂圆,fruit30_split/val/苦瓜/194.jpg
-33.19653,11.924219,34.750088,苦瓜,苦瓜,fruit30_split/val/苦瓜/20.jpg
-23.977253,-4.55147,55.91237,苦瓜,苦瓜,fruit30_split/val/苦瓜/21.jpg
-25.10636,8.324543,36.458557,苦瓜,苦瓜,fruit30_split/val/苦瓜/29.jpeg
7.60274,-1.5056973,34.122467,苦瓜,苦瓜,fruit30_split/val/苦瓜/4.jpg
-14.521584,17.434914,39.934387,苦瓜,苦瓜,fruit30_split/val/苦瓜/41.jpeg
-27.651733,13.435062,33.335423,苦瓜,苦瓜,fruit30_split/val/苦瓜/43.jpg
8.511005,11.562354,10.93148,苦瓜,苦瓜,fruit30_split/val/苦瓜/48.jpg
-36.750107,17.65831,23.240364,苦瓜,黄瓜,fruit30_split/val/苦瓜/53.jpg
10.33288,11.924296,18.842808,苦瓜,黄瓜,fruit30_split/val/苦瓜/69.jpg
8.571909,18.202898,13.007414,苦瓜,苦瓜,fruit30_split/val/苦瓜/7.jpg
-56.27496,20.454967,37.867462,苦瓜,苦瓜,fruit30_split/val/苦瓜/72.jpg
-46.473812,-15.151397,-1.3128341,苦瓜,黄瓜,fruit30_split/val/苦瓜/80.jpg
8.325516,25.794308,19.149927,苦瓜,苦瓜,fruit30_split/val/苦瓜/81.jpeg
6.885007,19.336063,18.069595,苦瓜,苦瓜,fruit30_split/val/苦瓜/95.jpg
11.693074,-32.631252,27.508436,苹果-红,葡萄-红,fruit30_split/val/苹果-红/10.jpg
-2.2852292,4.298181,-19.322578,苹果-红,苹果-红,fruit30_split/val/苹果-红/107.jpg
6.395664,0.4099638,-37.62776,苹果-红,苹果-红,fruit30_split/val/苹果-红/109.jpg
-6.212884,5.607864,-32.00155,苹果-红,苹果-红,fruit30_split/val/苹果-红/110.jpg
13.234497,16.582224,-37.560608,苹果-红,苹果-红,fruit30_split/val/苹果-红/114.jpg
-0.4168602,-10.90839,-45.230694,苹果-红,苹果-红,fruit30_split/val/苹果-红/119.jpg
12.010767,-24.148863,32.338295,苹果-红,葡萄-红,fruit30_split/val/苹果-红/12.jpg
14.587544,7.615373,-47.093365,苹果-红,苹果-红,fruit30_split/val/苹果-红/124.jpg
-7.374889,10.10583,-27.5828,苹果-红,苹果-红,fruit30_split/val/苹果-红/128.jpg
17.613583,1.5356853,-51.537693,苹果-红,苹果-红,fruit30_split/val/苹果-红/13.jpg
-39.455685,59.70571,20.025982,苹果-红,苹果-红,fruit30_split/val/苹果-红/133.jpg
-4.177618,-8.02983,-37.125607,苹果-红,苹果-红,fruit30_split/val/苹果-红/134.jpg
-0.64191943,-1.8682561,-31.379023,苹果-红,苹果-红,fruit30_split/val/苹果-红/139.jpg
4.621115,-11.154474,-36.017582,苹果-红,苹果-红,fruit30_split/val/苹果-红/140.jpg
4.647796,-1.5860599,-43.246265,苹果-红,苹果-红,fruit30_split/val/苹果-红/158.jpg
-2.7151604,11.822306,-24.73164,苹果-红,苹果-红,fruit30_split/val/苹果-红/163.jpg
14.59001,-1.6645881,-48.304283,苹果-红,苹果-红,fruit30_split/val/苹果-红/166.jpg
12.924223,-3.1532397,-42.42655,苹果-红,苹果-红,fruit30_split/val/苹果-红/169.jpg
3.0490727,-4.6354218,-37.14572,苹果-红,苹果-红,fruit30_split/val/苹果-红/172.jpg
6.3234277,-13.231365,-28.054472,苹果-红,苹果-红,fruit30_split/val/苹果-红/177.jpg
9.638162,-9.460935,-41.167,苹果-红,苹果-红,fruit30_split/val/苹果-红/18.jpg
17.406025,6.087488,-35.186962,苹果-红,苹果-红,fruit30_split/val/苹果-红/180.jpg
5.0701375,10.384327,-32.383373,苹果-红,苹果-红,fruit30_split/val/苹果-红/21.jpg
9.687041,12.4738245,-40.08898,苹果-红,苹果-红,fruit30_split/val/苹果-红/24.jpg
8.793833,6.2689004,-33.782516,苹果-红,苹果-红,fruit30_split/val/苹果-红/26.jpg
6.8911304,8.584504,-44.397095,苹果-红,苹果-红,fruit30_split/val/苹果-红/27.jpg
-7.2329025,-14.73129,29.499113,苹果-红,苹果-红,fruit30_split/val/苹果-红/47.jpg
-30.462685,-34.921875,41.53617,苹果-红,葡萄-红,fruit30_split/val/苹果-红/62.jpg
7.8584065,-25.183338,25.386393,苹果-红,苹果-红,fruit30_split/val/苹果-红/72.jpg
-1.4375873,0.68584114,-41.02317,苹果-红,苹果-红,fruit30_split/val/苹果-红/74.jpg
-26.73124,-15.729862,-45.990337,苹果-红,苹果-红,fruit30_split/val/苹果-红/75.jpg
6.5118904,-43.79621,-12.952841,苹果-红,苹果-红,fruit30_split/val/苹果-红/78.jpg
-0.90030235,-2.7969377,-24.556168,苹果-红,苹果-红,fruit30_split/val/苹果-红/79.jpg
2.6607034,-21.287514,28.917782,苹果-红,石榴,fruit30_split/val/苹果-红/80.jpg
1.2656826,7.6601644,-47.56645,苹果-红,苹果-红,fruit30_split/val/苹果-红/9.jpg
-12.842384,51.211914,-9.283584,苹果-青,苹果-青,fruit30_split/val/苹果-青/104.jpg
-12.401422,61.448242,-17.28833,苹果-青,苹果-青,fruit30_split/val/苹果-青/112.jpg
-37.51077,53.86595,-16.381922,苹果-青,苹果-青,fruit30_split/val/苹果-青/113.jpg
-26.410131,64.48458,-15.104024,苹果-青,苹果-青,fruit30_split/val/苹果-青/117.jpg
-12.922734,63.19881,-3.4750624,苹果-青,苹果-青,fruit30_split/val/苹果-青/13.jpg
-12.3653555,-24.589893,43.405235,苹果-青,苹果-青,fruit30_split/val/苹果-青/135.jpg
-13.01503,-35.32442,39.424854,苹果-青,梨,fruit30_split/val/苹果-青/146.jpg
10.66842,64.41925,5.8734145,苹果-青,苹果-青,fruit30_split/val/苹果-青/152.jpg
-14.399406,52.64489,-21.277657,苹果-青,苹果-青,fruit30_split/val/苹果-青/155.jpg
-4.450028,63.405807,-0.49219933,苹果-青,苹果-青,fruit30_split/val/苹果-青/156.jpg
13.978325,66.950005,9.344579,苹果-青,苹果-青,fruit30_split/val/苹果-青/157.jpg
-14.714577,78.12814,-12.218998,苹果-青,苹果-青,fruit30_split/val/苹果-青/158.jpg
-18.780352,77.942924,-9.731912,苹果-青,苹果-青,fruit30_split/val/苹果-青/159.jpg
-23.134886,13.2610035,26.724325,苹果-青,苹果-青,fruit30_split/val/苹果-青/162.jpg
-9.95662,63.61293,9.268328,苹果-青,苹果-青,fruit30_split/val/苹果-青/164.jpg
-19.01207,63.308567,-19.902124,苹果-青,苹果-青,fruit30_split/val/苹果-青/167.jpeg
-3.2278216,69.645035,-24.107916,苹果-青,苹果-青,fruit30_split/val/苹果-青/168.jpg
21.108154,-26.996204,0.3660875,苹果-青,苹果-青,fruit30_split/val/苹果-青/17.jpg
-16.80245,55.45444,-13.537068,苹果-青,苹果-青,fruit30_split/val/苹果-青/173.jpg
-6.050544,-37.406013,46.439415,苹果-青,苹果-青,fruit30_split/val/苹果-青/177.jpg
-8.033904,49.13822,-4.123254,苹果-青,苹果-青,fruit30_split/val/苹果-青/185.jpg
-10.337456,54.29948,-14.286743,苹果-青,苹果-青,fruit30_split/val/苹果-青/189.jpg
-17.00731,-39.644184,43.275085,苹果-青,苹果-青,fruit30_split/val/苹果-青/192.jpeg
-22.04889,56.25788,-11.158174,苹果-青,苹果-青,fruit30_split/val/苹果-青/193.jpg
1.4157879,70.80001,-6.2266326,苹果-青,苹果-青,fruit30_split/val/苹果-青/200.jpg
-6.1084094,63.10538,-7.5628805,苹果-青,苹果-青,fruit30_split/val/苹果-青/25.jpg
-4.6499267,60.50741,6.086432,苹果-青,苹果-青,fruit30_split/val/苹果-青/27.jpeg
-10.991825,-47.503197,43.850563,苹果-青,苹果-青,fruit30_split/val/苹果-青/3.jpg
-9.485082,59.084805,0.2082476,苹果-青,苹果-青,fruit30_split/val/苹果-青/32.jpg
-2.843178,61.95619,-13.7459345,苹果-青,苹果-青,fruit30_split/val/苹果-青/41.jpg
-7.2384634,66.59011,-24.282131,苹果-青,苹果-青,fruit30_split/val/苹果-青/51.jpg
-9.368995,-40.160114,50.40442,苹果-青,苹果-青,fruit30_split/val/苹果-青/62.jpg
-14.0,62.728985,-10.526893,苹果-青,苹果-青,fruit30_split/val/苹果-青/65.jpg
-11.29338,-34.57258,46.13008,苹果-青,苹果-青,fruit30_split/val/苹果-青/67.jpg
-11.039751,69.763855,-0.43742186,苹果-青,苹果-青,fruit30_split/val/苹果-青/78.jpg
-3.1894035,70.57766,0.06202238,苹果-青,苹果-青,fruit30_split/val/苹果-青/79.jpg
-2.858661,57.738564,-8.232948,苹果-青,苹果-青,fruit30_split/val/苹果-青/95.jpg
50.837677,-4.3229856,8.034027,草莓,草莓,fruit30_split/val/草莓/101.jpeg
52.95913,21.514338,16.384478,草莓,草莓,fruit30_split/val/草莓/110.jpg
-46.881584,3.121995,-20.504593,草莓,草莓,fruit30_split/val/草莓/113.jpg
58.347633,8.877962,19.821157,草莓,草莓,fruit30_split/val/草莓/116.jpg
55.359657,-29.819908,33.095158,草莓,草莓,fruit30_split/val/草莓/124.jpg
58.098045,3.4077318,29.075079,草莓,草莓,fruit30_split/val/草莓/127.jpg
51.760082,-34.97341,34.964794,草莓,草莓,fruit30_split/val/草莓/138.jpeg
44.666073,-30.201288,27.208838,草莓,草莓,fruit30_split/val/草莓/140.jpg
60.38709,-33.04482,-11.324297,草莓,草莓,fruit30_split/val/草莓/151.jpg
48.92232,-8.4992695,19.34268,草莓,草莓,fruit30_split/val/草莓/152.jpg
55.284122,-8.281891,16.732307,草莓,草莓,fruit30_split/val/草莓/155.jpg
52.089874,-17.532602,20.946045,草莓,草莓,fruit30_split/val/草莓/157.jpg
62.487564,-3.4774206,14.529244,草莓,草莓,fruit30_split/val/草莓/166.jpeg
-35.24055,-0.08862812,-57.611656,草莓,草莓,fruit30_split/val/草莓/180.jpg
53.829613,4.149777,11.203902,草莓,草莓,fruit30_split/val/草莓/182.jpg
20.22262,3.8964133,33.46879,草莓,杨梅,fruit30_split/val/草莓/188.jpg
68.481735,-6.5470586,5.416894,草莓,草莓,fruit30_split/val/草莓/192.jpg
48.1117,8.21767,25.363543,草莓,草莓,fruit30_split/val/草莓/196.jpg
50.940483,-1.218129,15.617453,草莓,草莓,fruit30_split/val/草莓/199.jpg
53.50478,4.1809993,22.00768,草莓,草莓,fruit30_split/val/草莓/22.jpg
55.52691,18.489653,23.533543,草莓,草莓,fruit30_split/val/草莓/29.jpg
46.224823,1.6026021,9.622446,草莓,草莓,fruit30_split/val/草莓/31.jpg
48.76482,-24.085222,38.922188,草莓,草莓,fruit30_split/val/草莓/34.jpg
51.286213,-5.6526685,40.55992,草莓,草莓,fruit30_split/val/草莓/35.jpg
47.285164,-8.4008465,28.43981,草莓,草莓,fruit30_split/val/草莓/40.jpg
50.47509,-2.4574528,24.169886,草莓,草莓,fruit30_split/val/草莓/47.jpg
46.13727,-2.2472637,19.61716,草莓,草莓,fruit30_split/val/草莓/56.jpeg
47.784317,-24.019386,29.790163,草莓,草莓,fruit30_split/val/草莓/66.jpg
67.51957,-1.3943177,7.0887055,草莓,草莓,fruit30_split/val/草莓/67.jpg
49.527454,-10.42081,40.62894,草莓,草莓,fruit30_split/val/草莓/69.jpg
17.213064,29.749298,-40.988297,草莓,西瓜,fruit30_split/val/草莓/73.jpg
57.95244,19.555685,27.847158,草莓,草莓,fruit30_split/val/草莓/76.jpg
45.93896,-15.968211,22.594147,草莓,草莓,fruit30_split/val/草莓/78.jpeg
56.5506,22.206186,10.628996,草莓,西红柿,fruit30_split/val/草莓/8.jpg
45.698124,-4.9808483,10.647253,草莓,草莓,fruit30_split/val/草莓/82.jpg
48.090935,-29.657991,34.64729,草莓,草莓,fruit30_split/val/草莓/83.jpeg
57.539604,-1.5830421,20.016874,草莓,草莓,fruit30_split/val/草莓/88.jpg
49.261368,-16.95504,29.193241,草莓,草莓,fruit30_split/val/草莓/92.jpg
24.830236,20.816833,10.594995,荔枝,荔枝,fruit30_split/val/荔枝/103.jpg
21.785149,-15.964461,33.426575,荔枝,荔枝,fruit30_split/val/荔枝/109.jpeg
18.341454,-11.816392,-8.401864,荔枝,荔枝,fruit30_split/val/荔枝/11.jpeg
11.608197,20.631252,-30.065384,荔枝,荔枝,fruit30_split/val/荔枝/110.jpg
26.592308,-28.134289,36.06875,荔枝,杨梅,fruit30_split/val/荔枝/113.jpg
20.633238,8.539503,-12.77199,荔枝,荔枝,fruit30_split/val/荔枝/12.jpg
26.396597,5.8583,26.30232,荔枝,荔枝,fruit30_split/val/荔枝/128.jpg
37.92778,-2.515524,13.7609625,荔枝,荔枝,fruit30_split/val/荔枝/130.jpg
24.647758,-3.4450228,21.384604,荔枝,荔枝,fruit30_split/val/荔枝/139.jpg
25.94512,27.560751,6.992421,荔枝,荔枝,fruit30_split/val/荔枝/144.jpg
25.839865,10.160337,6.6749372,荔枝,荔枝,fruit30_split/val/荔枝/153.jpg
33.903084,12.726295,11.230029,荔枝,荔枝,fruit30_split/val/荔枝/16.jpeg
8.766385,-10.433003,60.86788,荔枝,草莓,fruit30_split/val/荔枝/164.jpg
29.444162,-18.276018,20.394396,荔枝,荔枝,fruit30_split/val/荔枝/166.jpg
13.917883,29.206617,-33.2413,荔枝,荔枝,fruit30_split/val/荔枝/167.jpg
33.44519,-13.272746,17.189232,荔枝,荔枝,fruit30_split/val/荔枝/170.jpg
23.238823,1.9612972,51.42167,荔枝,荔枝,fruit30_split/val/荔枝/185.jpg
38.960712,3.188922,18.514414,荔枝,荔枝,fruit30_split/val/荔枝/186.jpg
33.38479,11.801739,3.3995492,荔枝,荔枝,fruit30_split/val/荔枝/193.jpg
36.13207,10.003911,-11.438889,荔枝,荔枝,fruit30_split/val/荔枝/196.jpeg
22.336617,14.096204,14.37907,荔枝,荔枝,fruit30_split/val/荔枝/22.jpg
37.66787,-15.943466,16.023258,荔枝,荔枝,fruit30_split/val/荔枝/24.jpg
26.770884,1.3043222,9.177644,荔枝,荔枝,fruit30_split/val/荔枝/30.jpg
36.058014,6.032646,8.807559,荔枝,荔枝,fruit30_split/val/荔枝/34.jpeg
35.341568,-8.455165,26.049425,荔枝,荔枝,fruit30_split/val/荔枝/43.jpg
34.243217,-21.33494,28.619534,荔枝,荔枝,fruit30_split/val/荔枝/47.jpg
34.370644,4.2286725,14.307642,荔枝,荔枝,fruit30_split/val/荔枝/49.jpg
25.640371,7.284771,13.900414,荔枝,荔枝,fruit30_split/val/荔枝/55.jpg
31.678413,-8.648425,12.58382,荔枝,荔枝,fruit30_split/val/荔枝/58.jpeg
41.72249,10.646405,13.215181,荔枝,荔枝,fruit30_split/val/荔枝/6.jpg
28.915485,-23.940207,24.679592,荔枝,荔枝,fruit30_split/val/荔枝/62.jpg
29.980618,-1.1466032,53.52861,荔枝,荔枝,fruit30_split/val/荔枝/66.jpg
29.070093,-11.3302765,30.60814,荔枝,荔枝,fruit30_split/val/荔枝/70.jpg
32.291653,-2.5558543,27.343546,荔枝,荔枝,fruit30_split/val/荔枝/72.jpg
31.32732,12.486564,18.83636,荔枝,荔枝,fruit30_split/val/荔枝/73.jpg
21.062275,4.930498,15.2798815,荔枝,荔枝,fruit30_split/val/荔枝/84.jpg
38.82764,-12.177943,24.12459,荔枝,荔枝,fruit30_split/val/荔枝/89.jpg
31.903858,-27.968794,33.00743,荔枝,杨梅,fruit30_split/val/荔枝/91.jpeg
-10.974649,30.377733,16.800446,菠萝,菠萝,fruit30_split/val/菠萝/105.jpg
8.031237,31.363232,47.236263,菠萝,菠萝,fruit30_split/val/菠萝/107.jpeg
-0.07541433,9.702142,29.668745,菠萝,菠萝,fruit30_split/val/菠萝/108.jpeg
-6.861618,11.094797,7.47198,菠萝,哈密瓜,fruit30_split/val/菠萝/115.jpg
5.05607,33.76587,28.973806,菠萝,菠萝,fruit30_split/val/菠萝/132.jpg
18.248606,23.27752,37.255955,菠萝,菠萝,fruit30_split/val/菠萝/134.jpeg
-9.462694,11.5252285,16.002432,菠萝,芒果,fruit30_split/val/菠萝/135.jpg
-13.366604,23.801403,21.731203,菠萝,菠萝,fruit30_split/val/菠萝/14.jpg
3.2584772,0.07329942,65.418205,菠萝,桂圆,fruit30_split/val/菠萝/143.jpeg
18.968176,32.634686,36.21765,菠萝,菠萝,fruit30_split/val/菠萝/151.jpg
-6.3302817,34.99021,27.227045,菠萝,菠萝,fruit30_split/val/菠萝/155.jpg
17.942278,38.183655,49.903572,菠萝,菠萝,fruit30_split/val/菠萝/16.jpeg
22.312876,34.167152,42.312126,菠萝,菠萝,fruit30_split/val/菠萝/161.jpeg
27.158722,43.860542,25.192411,菠萝,菠萝,fruit30_split/val/菠萝/168.jpg
-14.025363,16.829771,-14.540949,菠萝,脐橙,fruit30_split/val/菠萝/17.jpg
3.2188601,26.500814,35.55459,菠萝,菠萝,fruit30_split/val/菠萝/171.jpg
13.688694,37.775696,37.06291,菠萝,菠萝,fruit30_split/val/菠萝/172.jpg
7.4069858,34.993366,38.395874,菠萝,菠萝,fruit30_split/val/菠萝/174.jpg
26.03277,35.89031,51.57397,菠萝,菠萝,fruit30_split/val/菠萝/179.jpg
-6.4549565,7.496949,20.144218,菠萝,黄瓜,fruit30_split/val/菠萝/183.jpeg
23.44581,24.323116,39.34629,菠萝,菠萝,fruit30_split/val/菠萝/188.jpg
21.813646,40.122208,34.702213,菠萝,菠萝,fruit30_split/val/菠萝/190.jpg
-3.781702,11.501425,25.231386,菠萝,菠萝,fruit30_split/val/菠萝/195.jpg
7.4562035,42.453323,39.59877,菠萝,榴莲,fruit30_split/val/菠萝/24.jpg
16.613224,34.486416,41.382355,菠萝,菠萝,fruit30_split/val/菠萝/26.jpg
18.083475,41.87209,41.888096,菠萝,菠萝,fruit30_split/val/菠萝/30.jpg
26.340998,33.16295,35.75571,菠萝,菠萝,fruit30_split/val/菠萝/35.jpeg
18.65738,27.887398,45.418194,菠萝,菠萝,fruit30_split/val/菠萝/40.jpg
25.633198,40.87975,44.516983,菠萝,菠萝,fruit30_split/val/菠萝/41.jpeg
18.579868,16.391727,34.4943,菠萝,菠萝,fruit30_split/val/菠萝/52.jpg
1.7224646,32.06293,39.746525,菠萝,菠萝,fruit30_split/val/菠萝/55.jpeg
-54.71615,3.6093192,-17.555477,菠萝,芒果,fruit30_split/val/菠萝/72.jpg
-8.998101,31.103294,24.420643,菠萝,菠萝,fruit30_split/val/菠萝/79.jpg
26.732254,30.969532,45.679348,菠萝,菠萝,fruit30_split/val/菠萝/8.jpg
-1.7423576,36.321903,24.441328,菠萝,菠萝,fruit30_split/val/菠萝/97.jpg
-4.868807,34.970604,37.32599,菠萝,菠萝,fruit30_split/val/菠萝/98.jpg
-12.633812,-16.802418,59.54808,菠萝,菠萝,fruit30_split/val/菠萝/99.png
38.846558,-45.359333,0.6146401,葡萄-白,葡萄-白,fruit30_split/val/葡萄-白/101.jpg
22.8279,-36.74384,11.826807,葡萄-白,葡萄-红,fruit30_split/val/葡萄-白/102.jpg
24.69867,-55.627853,5.944357,葡萄-白,葡萄-白,fruit30_split/val/葡萄-白/105.jpg
31.285334,-61.874245,15.343557,葡萄-白,葡萄-白,fruit30_split/val/葡萄-白/117.jpeg
17.840918,-50.530346,6.956165,葡萄-白,葡萄-白,fruit30_split/val/葡萄-白/122.jpg
33.25083,-55.904114,-2.7338119,葡萄-白,葡萄-白,fruit30_split/val/葡萄-白/124.jpg
4.7882795,60.225113,1.3494147,葡萄-白,葡萄-白,fruit30_split/val/葡萄-白/125.jpg
34.28314,-50.74096,5.744644,葡萄-白,葡萄-白,fruit30_split/val/葡萄-白/135.jpg
29.639465,-49.044174,0.43089372,葡萄-白,葡萄-白,fruit30_split/val/葡萄-白/145.jpg
34.705482,-43.274307,5.711366,葡萄-白,葡萄-白,fruit30_split/val/葡萄-白/146.jpg
21.268812,-45.488808,16.425022,葡萄-白,葡萄-白,fruit30_split/val/葡萄-白/15.jpg
14.166301,-62.70384,3.5940795,葡萄-白,葡萄-白,fruit30_split/val/葡萄-白/159.jpg
31.501888,-41.10715,15.861585,葡萄-白,葡萄-白,fruit30_split/val/葡萄-白/164.jpg
33.25709,-60.93631,0.5099371,葡萄-白,葡萄-白,fruit30_split/val/葡萄-白/165.jpg
36.19778,-40.672237,15.814987,葡萄-白,葡萄-白,fruit30_split/val/葡萄-白/167.jpg
28.572691,-55.64333,-8.177939,葡萄-白,葡萄-白,fruit30_split/val/葡萄-白/185.jpg
24.61537,-50.84404,-1.6903089,葡萄-白,葡萄-白,fruit30_split/val/葡萄-白/186.jpg
16.067423,-58.879097,8.178438,葡萄-白,葡萄-白,fruit30_split/val/葡萄-白/187.jpg
24.46487,-47.138153,7.6912913,葡萄-白,葡萄-白,fruit30_split/val/葡萄-白/191.jpg
21.028276,-51.030075,12.604463,葡萄-白,葡萄-白,fruit30_split/val/葡萄-白/193.jpg
18.416315,-65.159134,9.265299,葡萄-白,葡萄-白,fruit30_split/val/葡萄-白/200.jpg
28.842077,-48.328358,-5.870445,葡萄-白,葡萄-白,fruit30_split/val/葡萄-白/3.jpg
28.092827,-55.673447,15.88365,葡萄-白,葡萄-白,fruit30_split/val/葡萄-白/32.jpg
23.149506,-43.892265,1.6337911,葡萄-白,葡萄-白,fruit30_split/val/葡萄-白/52.jpg
16.64805,-65.78657,-4.3072977,葡萄-白,葡萄-白,fruit30_split/val/葡萄-白/54.jpg
17.794415,-44.11215,11.45433,葡萄-白,葡萄-白,fruit30_split/val/葡萄-白/62.jpg
38.520004,-51.281017,15.405051,葡萄-白,葡萄-白,fruit30_split/val/葡萄-白/65.jpg
7.493713,-60.859825,2.9637222,葡萄-白,葡萄-白,fruit30_split/val/葡萄-白/68.jpg
31.535168,-48.32064,11.88234,葡萄-白,葡萄-白,fruit30_split/val/葡萄-白/79.jpg
25.962223,-49.88847,19.736202,葡萄-白,葡萄-白,fruit30_split/val/葡萄-白/8.jpg
11.834703,-58.349823,-0.5561005,葡萄-白,葡萄-白,fruit30_split/val/葡萄-白/88.jpg
42.434135,-3.809491,-9.443718,葡萄-红,葡萄-红,fruit30_split/val/葡萄-红/102.jpg
44.28014,-4.899396,-17.42927,葡萄-红,葡萄-红,fruit30_split/val/葡萄-红/110.jpg
43.318336,-27.041307,3.0090048,葡萄-红,葡萄-红,fruit30_split/val/葡萄-红/112.jpg
26.9075,-11.778229,-17.506762,葡萄-红,葡萄-红,fruit30_split/val/葡萄-红/115.jpg
49.27971,-5.549032,-9.926527,葡萄-红,葡萄-红,fruit30_split/val/葡萄-红/13.jpeg
14.668594,-29.265089,36.176624,葡萄-红,葡萄-红,fruit30_split/val/葡萄-红/152.jpg
25.604385,-35.73777,7.179778,葡萄-红,葡萄-红,fruit30_split/val/葡萄-红/156.jpeg
36.850708,0.95659876,-18.766235,葡萄-红,葡萄-红,fruit30_split/val/葡萄-红/157.jpg
50.84732,-13.382939,-7.309122,葡萄-红,葡萄-红,fruit30_split/val/葡萄-红/16.jpg
43.208076,-18.458794,-12.0051,葡萄-红,葡萄-红,fruit30_split/val/葡萄-红/169.jpg
29.75673,-0.40994412,-17.411055,葡萄-红,葡萄-红,fruit30_split/val/葡萄-红/185.jpg
45.153362,-20.537054,-19.395336,葡萄-红,葡萄-红,fruit30_split/val/葡萄-红/188.jpg
33.700153,-7.4295273,-24.761694,葡萄-红,葡萄-红,fruit30_split/val/葡萄-红/194.jpg
29.639484,4.3090396,-14.509858,葡萄-红,葡萄-红,fruit30_split/val/葡萄-红/2.jpg
46.88253,0.65605724,-19.418356,葡萄-红,葡萄-红,fruit30_split/val/葡萄-红/30.jpg
50.450863,-15.759441,-12.948636,葡萄-红,葡萄-红,fruit30_split/val/葡萄-红/35.jpg
50.942142,-11.394898,-17.65558,葡萄-红,葡萄-红,fruit30_split/val/葡萄-红/39.jpeg
37.191032,-23.984524,-8.330538,葡萄-红,葡萄-红,fruit30_split/val/葡萄-红/46.jpg
34.21733,-2.7493403,-12.039774,葡萄-红,葡萄-红,fruit30_split/val/葡萄-红/50.jpg
37.83297,-18.73489,-13.359517,葡萄-红,葡萄-红,fruit30_split/val/葡萄-红/53.png
38.09137,2.458098,-27.160995,葡萄-红,葡萄-红,fruit30_split/val/葡萄-红/56.png
27.198837,-1.8785291,-6.9873056,葡萄-红,葡萄-红,fruit30_split/val/葡萄-红/57.jpeg
42.726574,-36.181095,-5.261641,葡萄-红,葡萄-红,fruit30_split/val/葡萄-红/58.jpg
28.913218,-5.8431563,-12.450068,葡萄-红,葡萄-红,fruit30_split/val/葡萄-红/59.jpg
33.22972,-11.68077,-12.957048,葡萄-红,葡萄-红,fruit30_split/val/葡萄-红/61.jpg
39.3219,-23.324608,-30.33053,葡萄-红,葡萄-红,fruit30_split/val/葡萄-红/68.jpg
34.297733,-10.761903,-18.955402,葡萄-红,葡萄-红,fruit30_split/val/葡萄-红/7.jpg
53.44784,-13.072586,-2.5172532,葡萄-红,荔枝,fruit30_split/val/葡萄-红/71.jpg
37.176228,-29.51929,6.3770156,葡萄-红,葡萄-红,fruit30_split/val/葡萄-红/75.jpg
45.410976,-30.832363,7.033169,葡萄-红,葡萄-红,fruit30_split/val/葡萄-红/76.jpg
43.06408,-12.32821,-11.889368,葡萄-红,葡萄-红,fruit30_split/val/葡萄-红/8.jpg
33.480625,-20.945402,-23.130219,葡萄-红,葡萄-红,fruit30_split/val/葡萄-红/84.png
15.764491,-7.914017,-18.881527,葡萄-红,西红柿,fruit30_split/val/葡萄-红/85.jpg
43.909054,-18.27205,-3.70208,葡萄-红,葡萄-红,fruit30_split/val/葡萄-红/86.jpg
36.66784,-30.306736,1.5191242,葡萄-红,葡萄-红,fruit30_split/val/葡萄-红/88.jpeg
-31.032652,-12.113839,0.079880394,葡萄-红,葡萄-红,fruit30_split/val/葡萄-红/89.jpg
43.68908,-9.840334,-22.72828,葡萄-红,葡萄-红,fruit30_split/val/葡萄-红/90.jpg
44.26653,-6.5880275,-4.1846128,葡萄-红,葡萄-红,fruit30_split/val/葡萄-红/98.jpg
-35.022976,-13.520061,-45.878124,西瓜,西瓜,fruit30_split/val/西瓜/104.jpeg
-52.102234,4.2449327,-37.22043,西瓜,西瓜,fruit30_split/val/西瓜/108.jpg
-33.63955,1.1030358,-51.32009,西瓜,西瓜,fruit30_split/val/西瓜/112.jpg
-54.057972,7.002511,-25.938007,西瓜,西瓜,fruit30_split/val/西瓜/122.jpg
-19.219864,32.304005,-31.065685,西瓜,西瓜,fruit30_split/val/西瓜/127.jpg
-44.2122,14.483219,-50.396175,西瓜,西瓜,fruit30_split/val/西瓜/132.jpeg
-45.283035,27.985985,-19.833117,西瓜,西瓜,fruit30_split/val/西瓜/134.jpg
26.73445,-27.858776,-52.356884,西瓜,西红柿,fruit30_split/val/西瓜/139.jpg
-35.81254,23.074923,-39.450665,西瓜,西瓜,fruit30_split/val/西瓜/14.jpg
-25.700102,-9.278915,26.66809,西瓜,西瓜,fruit30_split/val/西瓜/142.jpeg
17.68093,31.190342,-53.50017,西瓜,西瓜,fruit30_split/val/西瓜/148.jpeg
24.234173,31.020231,-49.328682,西瓜,西瓜,fruit30_split/val/西瓜/150.jpg
-32.937527,6.7371554,28.206629,西瓜,西瓜,fruit30_split/val/西瓜/168.jpg
-53.395546,14.592559,-38.035046,西瓜,西瓜,fruit30_split/val/西瓜/170.jpeg
-41.413944,24.871645,-43.008217,西瓜,西瓜,fruit30_split/val/西瓜/171.jpg
-29.448559,15.021454,-41.559055,西瓜,西瓜,fruit30_split/val/西瓜/180.jpg
-60.054016,0.6328221,-20.60538,西瓜,草莓,fruit30_split/val/西瓜/182.jpg
-26.715956,-3.0884552,27.784935,西瓜,西瓜,fruit30_split/val/西瓜/185.jpeg
20.822823,-0.22810952,-26.139942,西瓜,西瓜,fruit30_split/val/西瓜/187.jpg
-27.965397,24.22583,-49.76499,西瓜,西瓜,fruit30_split/val/西瓜/189.jpg
-18.525517,31.628849,-25.413645,西瓜,西瓜,fruit30_split/val/西瓜/198.jpg
-38.084282,38.750637,51.74325,西瓜,西瓜,fruit30_split/val/西瓜/20.jpeg
-41.48628,17.399223,-47.437485,西瓜,西瓜,fruit30_split/val/西瓜/22.jpeg
10.877702,27.982061,-47.63457,西瓜,西瓜,fruit30_split/val/西瓜/28.jpeg
-19.940247,-11.543485,35.689144,西瓜,西瓜,fruit30_split/val/西瓜/34.jpg
-28.308588,10.607392,-47.32681,西瓜,西瓜,fruit30_split/val/西瓜/35.jpg
-24.874424,24.912123,-43.579304,西瓜,西瓜,fruit30_split/val/西瓜/36.jpg
-13.518199,-5.5883083,35.1204,西瓜,西瓜,fruit30_split/val/西瓜/39.jpg
-20.075705,22.056124,-45.84857,西瓜,西瓜,fruit30_split/val/西瓜/41.jpg
-44.164192,8.908537,-34.17843,西瓜,西瓜,fruit30_split/val/西瓜/46.jpeg
-54.69122,-22.990572,8.33997,西瓜,西瓜,fruit30_split/val/西瓜/57.jpg
12.937181,32.23914,-57.58281,西瓜,西瓜,fruit30_split/val/西瓜/58.jpg
-31.351482,19.52427,-39.999046,西瓜,西瓜,fruit30_split/val/西瓜/60.jpg
-50.09238,10.248323,-34.317764,西瓜,西瓜,fruit30_split/val/西瓜/69.jpg
-22.72409,2.0188625,21.986004,西瓜,西瓜,fruit30_split/val/西瓜/72.jpg
-18.504183,-5.8716526,34.915165,西瓜,西瓜,fruit30_split/val/西瓜/87.jpg
-34.003986,-25.572132,0.89662075,西瓜,西瓜,fruit30_split/val/西瓜/9.jpg
57.825897,0.7418268,-33.225906,西红柿,石榴,fruit30_split/val/西红柿/100.jpg
11.625729,-40.01073,-54.03463,西红柿,西红柿,fruit30_split/val/西红柿/101.jpg
2.872795,-38.084354,-54.83762,西红柿,西红柿,fruit30_split/val/西红柿/108.jpg
-3.2464955,-51.87423,-46.08843,西红柿,西红柿,fruit30_split/val/西红柿/11.jpg
-35.442116,-0.91526854,-46.280197,西红柿,西红柿,fruit30_split/val/西红柿/116.jpg
31.907652,-43.404537,-41.990646,西红柿,西红柿,fruit30_split/val/西红柿/122.jpg
15.529145,-1.7206646,-30.25749,西红柿,西红柿,fruit30_split/val/西红柿/124.jpeg
-2.0022898,-48.700897,-56.61821,西红柿,西红柿,fruit30_split/val/西红柿/128.jpg
9.17638,-36.202374,-29.23226,西红柿,西红柿,fruit30_split/val/西红柿/138.jpg
5.8004484,-32.415882,-43.895767,西红柿,西红柿,fruit30_split/val/西红柿/143.jpg
4.1532636,-24.635897,-47.942364,西红柿,西红柿,fruit30_split/val/西红柿/145.jpg
-0.26311764,20.672987,-57.443314,西红柿,西红柿,fruit30_split/val/西红柿/147.jpg
19.318876,-35.25691,-44.65316,西红柿,西红柿,fruit30_split/val/西红柿/152.jpg
5.127176,-53.364635,-48.01218,西红柿,西红柿,fruit30_split/val/西红柿/156.jpg
11.613343,-28.034536,-37.462654,西红柿,西红柿,fruit30_split/val/西红柿/166.jpg
6.298488,-41.304287,-43.05998,西红柿,西红柿,fruit30_split/val/西红柿/170.jpeg
7.7399764,-34.825085,-39.215656,西红柿,西红柿,fruit30_split/val/西红柿/172.jpeg
13.317094,-35.189396,-46.264343,西红柿,西红柿,fruit30_split/val/西红柿/179.jpg
14.045824,-30.512547,-53.323296,西红柿,西红柿,fruit30_split/val/西红柿/18.jpg
0.7006004,21.665045,-18.381268,西红柿,西红柿,fruit30_split/val/西红柿/183.jpg
23.54278,-34.457493,-39.372356,西红柿,圣女果,fruit30_split/val/西红柿/194.jpg
12.062328,-52.984863,-45.988953,西红柿,西红柿,fruit30_split/val/西红柿/20.jpg
-5.6914773,23.155777,-21.600937,西红柿,西红柿,fruit30_split/val/西红柿/22.jpg
-27.252094,-38.42977,-28.959414,西红柿,西红柿,fruit30_split/val/西红柿/23.jpg
22.962341,-38.394436,-26.410505,西红柿,西红柿,fruit30_split/val/西红柿/34.jpg
-5.973377,-40.420177,-39.123898,西红柿,西红柿,fruit30_split/val/西红柿/35.jpg
5.358254,-49.543797,-35.313953,西红柿,西红柿,fruit30_split/val/西红柿/45.jpg
-6.958115,-55.851555,16.625467,西红柿,桂圆,fruit30_split/val/西红柿/48.jpg
3.764468,-49.568302,-45.333675,西红柿,西红柿,fruit30_split/val/西红柿/50.jpg
21.72524,-36.888695,-56.63258,西红柿,西红柿,fruit30_split/val/西红柿/55.jpg
3.0767362,-49.501625,-57.75422,西红柿,西红柿,fruit30_split/val/西红柿/57.jpg
-8.1902075,-37.885426,-43.936123,西红柿,西红柿,fruit30_split/val/西红柿/60.jpg
-0.4162755,-42.61084,-33.65157,西红柿,西红柿,fruit30_split/val/西红柿/68.jpg
7.419787,-35.91826,19.293058,西红柿,西红柿,fruit30_split/val/西红柿/91.jpg
-15.351517,-45.72393,-29.526674,西红柿,西红柿,fruit30_split/val/西红柿/94.jpg
59.711212,-32.30648,1.7342011,西红柿,西红柿,fruit30_split/val/西红柿/95.jpg
52.18346,-40.413986,-7.5145144,车厘子,车厘子,fruit30_split/val/车厘子/100.jpg
42.517124,-33.273365,-13.056438,车厘子,葡萄-红,fruit30_split/val/车厘子/11.jpeg
22.996994,-12.701294,-50.895798,车厘子,车厘子,fruit30_split/val/车厘子/128.jpg
31.917887,0.85106957,-41.45818,车厘子,车厘子,fruit30_split/val/车厘子/132.jpg
32.088825,42.29967,-19.002157,车厘子,车厘子,fruit30_split/val/车厘子/146.jpg
10.46889,-6.4511275,-32.0434,车厘子,车厘子,fruit30_split/val/车厘子/165.jpg
13.889988,-20.596146,-54.30817,车厘子,车厘子,fruit30_split/val/车厘子/17.jpg
21.990122,-43.443127,-36.39993,车厘子,圣女果,fruit30_split/val/车厘子/171.jpg
22.86591,-41.08886,-46.936356,车厘子,车厘子,fruit30_split/val/车厘子/175.jpg
41.9774,-10.782267,-35.187286,车厘子,车厘子,fruit30_split/val/车厘子/177.jpg
48.54107,8.962536,-8.291314,车厘子,车厘子,fruit30_split/val/车厘子/180.jpg
47.358894,-36.79213,-37.641743,车厘子,车厘子,fruit30_split/val/车厘子/181.jpg
6.834168,-20.068756,-54.220573,车厘子,车厘子,fruit30_split/val/车厘子/182.jpg
25.347233,-12.233805,-46.55572,车厘子,车厘子,fruit30_split/val/车厘子/187.jpg
48.481224,-28.688755,-10.085066,车厘子,葡萄-红,fruit30_split/val/车厘子/191.jpg
47.866364,-30.66697,-28.210884,车厘子,车厘子,fruit30_split/val/车厘子/199.jpg
31.283155,-9.508283,-30.176622,车厘子,车厘子,fruit30_split/val/车厘子/20.jpg
40.99967,-16.101341,-30.591867,车厘子,车厘子,fruit30_split/val/车厘子/21.jpg
29.961866,-7.638,-39.906456,车厘子,车厘子,fruit30_split/val/车厘子/22.jpg
33.7664,-17.022486,-30.268993,车厘子,车厘子,fruit30_split/val/车厘子/25.jpeg
35.29286,-15.019927,-46.705784,车厘子,车厘子,fruit30_split/val/车厘子/43.jpg
24.820568,-14.194914,-24.004137,车厘子,车厘子,fruit30_split/val/车厘子/59.jpg
53.77604,11.689103,-9.697402,车厘子,车厘子,fruit30_split/val/车厘子/70.jpg
28.969368,-16.863417,-44.537422,车厘子,车厘子,fruit30_split/val/车厘子/72.jpg
9.9905815,4.3706617,-25.384548,车厘子,苹果-红,fruit30_split/val/车厘子/73.jpg
39.460228,-35.752647,-19.058168,车厘子,车厘子,fruit30_split/val/车厘子/77.jpg
34.995358,-49.203056,-18.608973,车厘子,车厘子,fruit30_split/val/车厘子/83.jpeg
45.669067,-19.39622,-29.808756,车厘子,车厘子,fruit30_split/val/车厘子/91.jpg
8.71628,4.770458,-19.26286,车厘子,石榴,fruit30_split/val/车厘子/92.jpg
39.56748,-23.882765,-37.732513,车厘子,车厘子,fruit30_split/val/车厘子/94.jpg
44.41705,-32.081585,-21.296532,车厘子,车厘子,fruit30_split/val/车厘子/96.jpg
-8.652023,27.291023,-26.88225,车厘子,车厘子,fruit30_split/val/车厘子/99.jpg
-58.497044,1.7473254,3.5160944,香蕉,香蕉,fruit30_split/val/香蕉/1.jpg
-23.066788,-13.9069,51.46128,香蕉,黄瓜,fruit30_split/val/香蕉/100.jpg
-48.495926,-0.18664771,9.643176,香蕉,胡萝卜,fruit30_split/val/香蕉/109.jpg
-62.79909,5.658975,13.851083,香蕉,香蕉,fruit30_split/val/香蕉/111.jpg
-67.776794,8.749725,11.015037,香蕉,香蕉,fruit30_split/val/香蕉/119.jpg
-60.64941,19.27109,-27.718708,香蕉,香蕉,fruit30_split/val/香蕉/120.jpg
-67.34254,-0.75086325,-5.3431997,香蕉,香蕉,fruit30_split/val/香蕉/123.jpg
-63.232475,-2.7160032,8.188831,香蕉,香蕉,fruit30_split/val/香蕉/129.jpg
-63.838604,19.269114,-4.1197658,香蕉,香蕉,fruit30_split/val/香蕉/130.png
-66.220726,13.778528,5.723415,香蕉,香蕉,fruit30_split/val/香蕉/134.jpg
-63.47168,-7.3698244,-1.1895407,香蕉,香蕉,fruit30_split/val/香蕉/143.jpg
-61.782486,9.523069,18.401297,香蕉,香蕉,fruit30_split/val/香蕉/147.jpeg
-4.846022,18.17142,62.354893,香蕉,香蕉,fruit30_split/val/香蕉/149.jpg
-61.764233,19.15799,8.864219,香蕉,香蕉,fruit30_split/val/香蕉/15.jpg
-67.73529,16.93453,12.954748,香蕉,香蕉,fruit30_split/val/香蕉/150.jpg
-65.46245,11.475626,0.3127392,香蕉,香蕉,fruit30_split/val/香蕉/153.jpg
-2.2453,21.584238,59.969254,香蕉,葡萄-白,fruit30_split/val/香蕉/16.jpg
-72.68852,19.059843,2.7856739,香蕉,香蕉,fruit30_split/val/香蕉/168.jpg
-56.330475,7.821806,4.524112,香蕉,香蕉,fruit30_split/val/香蕉/169.jpg
-57.203987,8.395273,11.314592,香蕉,香蕉,fruit30_split/val/香蕉/171.jpg
-54.318,2.2675564,-1.5687852,香蕉,香蕉,fruit30_split/val/香蕉/173.jpg
-49.370476,10.935784,14.244203,香蕉,香蕉,fruit30_split/val/香蕉/177.jpg
-70.77348,23.528297,-4.5280256,香蕉,香蕉,fruit30_split/val/香蕉/188.jpg
-34.964504,-26.672026,17.544693,香蕉,香蕉,fruit30_split/val/香蕉/197.jpg
-69.05799,12.510425,-11.175444,香蕉,香蕉,fruit30_split/val/香蕉/199.jpg
-77.476685,11.458993,-4.687498,香蕉,香蕉,fruit30_split/val/香蕉/21.jpg
-63.64905,5.5146704,-3.657585,香蕉,香蕉,fruit30_split/val/香蕉/29.jpg
-62.63202,24.197714,-5.639751,香蕉,香蕉,fruit30_split/val/香蕉/3.png
-72.226006,10.783351,2.6978776,香蕉,香蕉,fruit30_split/val/香蕉/31.jpg
-78.21152,1.49911,-0.31249955,香蕉,香蕉,fruit30_split/val/香蕉/33.png
-64.967735,22.341902,15.187911,香蕉,香蕉,fruit30_split/val/香蕉/37.jpg
-2.1312115,23.199707,66.48703,香蕉,香蕉,fruit30_split/val/香蕉/44.jpg
-64.93166,-0.26271114,17.183702,香蕉,香蕉,fruit30_split/val/香蕉/48.jpg
-70.52866,15.315003,-3.404696,香蕉,香蕉,fruit30_split/val/香蕉/59.jpg
-65.8874,6.597843,5.5459566,香蕉,香蕉,fruit30_split/val/香蕉/62.jpg
-53.79328,13.25989,1.152965,香蕉,香蕉,fruit30_split/val/香蕉/72.jpg
-36.38146,4.8203015,35.32648,黄瓜,黄瓜,fruit30_split/val/黄瓜/1.jpg
-35.175056,-4.4728036,38.498848,黄瓜,黄瓜,fruit30_split/val/黄瓜/10.jpg
-34.25358,-7.0993843,54.329494,黄瓜,黄瓜,fruit30_split/val/黄瓜/100.jpg
-45.425133,17.425999,45.689564,黄瓜,黄瓜,fruit30_split/val/黄瓜/13.jpg
-35.49892,-30.372923,-1.991992,黄瓜,黄瓜,fruit30_split/val/黄瓜/135.jpg
-12.265754,-9.786226,55.631435,黄瓜,黄瓜,fruit30_split/val/黄瓜/144.jpg
-38.516525,3.6515408,58.71463,黄瓜,黄瓜,fruit30_split/val/黄瓜/148.jpeg
-51.478428,34.48567,37.277176,黄瓜,黄瓜,fruit30_split/val/黄瓜/152.jpg
-40.01614,16.250967,52.811382,黄瓜,黄瓜,fruit30_split/val/黄瓜/161.jpg
-50.220337,11.322366,44.74544,黄瓜,黄瓜,fruit30_split/val/黄瓜/162.jpg
-41.351143,10.885747,50.471664,黄瓜,黄瓜,fruit30_split/val/黄瓜/163.jpg
-46.733665,34.57596,38.127388,黄瓜,黄瓜,fruit30_split/val/黄瓜/166.jpg
-47.99534,14.560858,26.489092,黄瓜,黄瓜,fruit30_split/val/黄瓜/175.jpg
-40.648792,-9.313503,30.10351,黄瓜,黄瓜,fruit30_split/val/黄瓜/188.jpg
-42.20408,4.4165497,41.95027,黄瓜,黄瓜,fruit30_split/val/黄瓜/199.jpeg
-44.004044,-9.832619,45.540493,黄瓜,黄瓜,fruit30_split/val/黄瓜/200.jpeg
-49.595356,20.73054,37.787136,黄瓜,黄瓜,fruit30_split/val/黄瓜/22.jpg
-42.362232,12.815493,42.710854,黄瓜,黄瓜,fruit30_split/val/黄瓜/27.jpg
-40.304184,22.567106,34.431602,黄瓜,黄瓜,fruit30_split/val/黄瓜/37.jpeg
-46.251957,20.035524,52.62602,黄瓜,黄瓜,fruit30_split/val/黄瓜/40.jpg
-43.64794,7.426494,30.133846,黄瓜,黄瓜,fruit30_split/val/黄瓜/45.jpg
-24.57815,-2.5458455,61.647243,黄瓜,黄瓜,fruit30_split/val/黄瓜/46.jpg
-39.114254,-0.7962007,32.706703,黄瓜,黄瓜,fruit30_split/val/黄瓜/49.jpg
-48.441936,4.2325363,32.506516,黄瓜,黄瓜,fruit30_split/val/黄瓜/52.jpg
-41.682457,23.368021,43.01755,黄瓜,黄瓜,fruit30_split/val/黄瓜/54.jpg
71.324615,4.750953,4.549275,黄瓜,黄瓜,fruit30_split/val/黄瓜/59.jpg
-36.08124,10.011667,42.25015,黄瓜,黄瓜,fruit30_split/val/黄瓜/7.jpeg
-37.41771,-3.023344,48.1466,黄瓜,黄瓜,fruit30_split/val/黄瓜/71.jpg
-27.377884,-7.893919,50.281445,黄瓜,黄瓜,fruit30_split/val/黄瓜/74.jpg
-43.052887,-4.471951,33.124508,黄瓜,黄瓜,fruit30_split/val/黄瓜/76.jpg
-51.644405,29.242678,30.542574,黄瓜,黄瓜,fruit30_split/val/黄瓜/87.jpg
-45.393898,15.264466,32.311527,黄瓜,黄瓜,fruit30_split/val/黄瓜/9.jpg
-29.09071,7.370011,59.91552,黄瓜,黄瓜,fruit30_split/val/黄瓜/91.png
-37.524395,17.213608,36.785553,黄瓜,黄瓜,fruit30_split/val/黄瓜/94.jpg
-33.14834,4.0454106,54.549107,黄瓜,黄瓜,fruit30_split/val/黄瓜/97.jpg
